Link,Title,Location,Salary,Summary
https://kr.indeed.com/viewjob?jk=0f284536b918df4f,CloudNative Engineer,경기도 성남,,"Jenkins,argonCD 등의 CI/CD 서비스 운영 - Python등을 이용한 업무 효율화/자동화 개발 [자격요건] - Cloud... 작업 경험이 있으신 분 - Python,perl 등을 이용한 업무 효율화..."
https://kr.indeed.com/viewjob?jk=49fd1a7248d3ff47,Research Engineer Intern (Machine Learning),서울,,"commit to a minimum of a 6 month internship * Fluency in Python and ML libraries like Scikit-learn, PyTorch or Tensorflow..."
https://kr.indeed.com/viewjob?jk=be95b5718905880f,AI/빅데이터/클라우드 분야 (인재 Pool),서울,,"의미한 인사이트 발굴 - R, Python, SQL 등 Statistics... 등)의 다양한 솔루션을 활용하여 서비스 개발 경험자 2) Java, Python 등 프로그래밍 개발 경험 보유자 3) Container 기반 서비스..."
https://kr.indeed.com/viewjob?jk=ba6a0ebb6ad9cd18,IT 인프라 운영 도구 개발,성남 판교역,,"모니터링 시스템 Web 개발 - 경력 4년 이상 - Linux 환경(LAMP) 경력 3년 이상 - Python, Django, Javascript, PHP 경험 - 다양한 Front-end 프레임 워크 사용 경험..."
https://kr.indeed.com/viewjob?jk=51694a500e784a31,2021년도 제1직원(석사급 연구원 및 행정원),서울,,"통계DB 관리 등 [필수요건] - 통계, 데이터사이언스, 정보학 관련 분야 석사학위 소지자(예정자 제외) - Python, R, Java 등 1개 이상의 프로그래밍 업무 가능자 [우대요건] - 행정·사회통계 빅데이터 활용업무..."
https://kr.indeed.com/viewjob?jk=d13fce11058e6cf1,보안 모니터링 시스템 개발 및 운영 담당자 모집,성남 판교역,,"이터 분석을 위한 SIEM/ETL 플랫폼 개발/운영 지원자격 기본사항 경력 3년 이상 Java, Python 등의 언어로 개발 가능자 기본적인 웹 개발 및 Back-End 개발 가능자 DBMS 혹은 빅데이터(NoSQL..."
https://kr.indeed.com/viewjob?jk=8cc372a6b78679b1,"인공지능(AI), Python(응용프로그램 개발자) 외 신입/경력 정규직",서울 성북구,"연봉 25,000,000원 - 30,000,000원","(주)쿠노소프트 인공지능(AI), Python 외 신입/경력 정규직 채용... 래머>인공지능(AI)|인터넷·IT·통신·모바일·게임>응용프로그래머> Python|인터넷·IT·통신·모바일·게임>응용프로그래머>Visual C++(MFC..."
https://kr.indeed.com/viewjob?jk=e99d30a8f6947b41,모니터링 솔루션 개발자 모집,성남 판교역,,개발/운영 2년 이상 서버 개발자 Java/Spring 기반 웹 서비스 개발 경력 2년 이상 서버 개발자 Python 기반 백엔드 시스템 또는 라이브러리 개발 프로젝트 실무 3년 이상 서버 개발자 ✔︎ 우대조건 다양한...
https://kr.indeed.com/viewjob?jk=8e2b96836395bcb1,아이템 서비스 개발 (대용량 데이터처리),경기도 성남,,"MobileWeb, APP API 개발 [ 자격요건] - 경력 4년 이상이신 분 - PHP, Java, Python, Apache, Html5, MySQL Javascript, Linux 등 웹서비스 개발 지식과..."
https://kr.indeed.com/viewjob?jk=8f817b86f15baf1f,데이터 엔지니어 경력자,서울특별시,,"EMR/Athena, Google Firebase/BigQuery 등) . Unix/Linux 환경 경험 . Python/SQL/NoSQL Scripting Language 사용 및 협업 경험 우대 사항 - 엔터프라이즈 데이..."
https://kr.indeed.com/viewjob?jk=093192a93b237d8a,Content 기반 Framework 개발 엔진 프로그래머 모집,성남 판교역,,및 활용이 가능한 분 우대사항 * UE4을 customizing & Optimization 경험 * Python C++ 확장 경험 * UI/UX 관련 개발 실무 경험 * Quest system 개발 실무 경험 * Tool을...
https://kr.indeed.com/viewjob?jk=e96099b3e473d165,아이나비 ADAS 영상처리 알고리즘 개발자 신입 및 경력 모집,성남 삼평동,,신입무관 - 영상처리 알고리즘 개발 유경험자 - 딥러닝에 기반한 영상 분석 및 인식에 대한 이해 - Python/C++에 대한 능숙한 개발 경험 우대사항 - 관련분야 석·박사급 전공자 - Vehicle / Lane...
https://kr.indeed.com/viewjob?jk=031eec3794f09645,데이터 서비스/플랫폼 개발,성남 판교역,,"데이터 수집, 처리 및 지표 분석 경험 - 데이터 기반의 문제해결 역량 및 논리적 사고 - Java, Python, Scala 중 최소 1가지 언어를 이용한 데이터 분석 및 소프트웨어 개발 역량 - 통계분석, ML/AI..."
https://kr.indeed.com/viewjob?jk=3b9a4bb5dfb41c5a,FDS 데이터분석/딥러닝/머신러닝 모형개발(수원 영통),수원 영통구,,"Learning 등 Big Data 분석관련 알고리즘에 대한 이해를 바탕으로 데이터 분석 및 인사이트 도출ㆍSQL, Python 등의 통계 및 분석 능력 인터넷·IT·통신·모바일·게임>빅데이터·AI(인공지능)>데이터분석"
https://kr.indeed.com/viewjob?jk=b10876bfa3329540,[SNOW] 렌더링 엔진 개발자,성남 분당구,,"토링, 디자인 패턴, ReactiveX 활용 경험- Java, Swift(Objective C), Lua, Python 등 다양한 언어 경험- Computer Graphics 이해- Image Processing 이해 인터넷..."
https://kr.indeed.com/viewjob?jk=214a6d00cee6b791,"백엔드개발, IoT 시스템 데이터 플랫폼 개발자 채용",성남 야탑동,,"Spring, node.js, python 프레임워크를 활용한 서버 개발... Python, linux, pandas, sql 등 - IoT : Wifi 기술 및 임베디드 관련 기술 / C++, java, Python 등..."
https://kr.indeed.com/viewjob?jk=0c32e6464cad3b0a,[카카오 클라우드]DBaaS(DataBase As A Service) 개발자 모집,성남 판교역,,"및 유지 보수 지원자격 필수 자격 협업을 우선 가치로 유연한 커뮤니케이션이 가능하신 분 golang, python 등으로 API 기반 서비스를 구현해본 경험이 있으신 분 서비스 요구 사항을 기능으로 구현할 수 있는 분..."
https://kr.indeed.com/viewjob?jk=964d17313651d069,퀀트연구원,서울,,파트너즈그룹 정대석대표입니다.아래와 같이 우수 인재 영입건 있어 공지하오니 관심 있으신분 연락바랍니다. 인터넷·IT·통신·모바일·게임>ERP·시스템분석·설계>데이터분석|인터넷·IT·통신·모바일·게임>응용프로그래머> Python
https://kr.indeed.com/viewjob?jk=9aa0c86db377dd5f,Computer Vision Engineer,성남 삼평동,,"자격요건 - 학력 : 학사이상 - 경력 : 신입, 3~년 - 성별 : 무관 - 연령 : 무관 ㆍ Python 언어 숙련자 ㆍPytorch, Tensorflow 등의 딥러닝 이브러리 사용 경험 ㆍDeep Learning..."
https://kr.indeed.com/viewjob?jk=201615adca315f65,[신규프로젝트] 디지털셀럽 컨텐츠 개발 TA 모집,성남 판교역,,"제작 및 관리 Skill 우대사항 - 일정 수준 이상의 영어 스킬(기술문서 독해 및 청취 가능 여부) - Python, C Sharp, 등을 이용한 Script & Tool 제작 Skill - 프로젝트 개발 전반에 걸친..."
https://kr.indeed.com/viewjob?jk=1961a1ecccb03336,[NIT Service] 네이버 파이낸셜 플랫폼 운영,성남 분당구,,"및 어플리케이션 배포 전략 지식 보유 - Shell script, python 및 web framework 등 기타 프로그래밍 언어 활용 가능... 보유 - Shell script, python 및 web framework..."
https://kr.indeed.com/viewjob?jk=77fb5fefe9c40fe3,[NAVER Cloud] 네이버 클라우드 빅데이터플랫폼 상품 개발,성남 분당구,,"우드 빅데이터플랫폼 상품 개발 및 운영[지원자격/필요역량]- Back-End 개발 경력 2년 이상 - Java, Python,Go 중 한가지 언어를 능숙하게 사용할 수 있는 능력- Hadoop 및 Hadoop ecosystem..."
https://kr.indeed.com/viewjob?jk=5fa9048547400894,[웹젠] DBA(신입),성남 분당구,,로운 기술과 도전을 좋아하는 분 - Data에 대한 관심이 높은 분 - Python 프로그램 경험이 있는 분 • 기타 - 수시채용은 공고 게시 중에도... 에 대한 관심이 높은 분 - Python 프로그램 경험이 있는 분 • 기타...
https://kr.indeed.com/viewjob?jk=a2b38b230474e622,카카오 전사 QA 모집,성남 판교역,,"협업도구 (JIRA, Github 등)에 대한 경험이 있으신 분 테스트자동화 설계경험자 혹은 스크립트 언어( python, java, javascript 등) 가능자 긍정적인 마인드와 유연한 커뮤니케이션 능력 보유 능동적이고..."
https://kr.indeed.com/viewjob?jk=d0ca27a97ddf91f9,엔미디어플랫폼 데이터베이스 관리자 (DBA) 인재 안내,성남 분당구,,"운영 가능한 분 - DB관련 자격증 보유한 분 - 운영 자동화 스크립트(PowerShell, Shell, Python) 작성 가능한 분 - MongoDB, Redis에 관심 있으신 분 기타사항 - 서류 접수 이후 4주 이내로..."
https://kr.indeed.com/viewjob?jk=6bf54220da02bd6a,"Data Scientist (금융 Domain Focus), Data Platform 개발자, Azure C",성남 분당구,,이터·AI(인공지능)>인공지능(AI)|인터넷·IT·통신·모바일·게임>빅데이터·AI(인공지능)>데이터분석|인터넷·IT·통신·모바일·게임>빅데이터·AI(인공지능)> Python|인터넷·IT·통신·모바일·게임>응용프로그래머>클라우드
https://kr.indeed.com/viewjob?jk=9211dfb5091a8cc4,SW engineer intern,서울,,"nationals with valid residential status in Korea. - Fluent in Python, shell scripts and C/C++. - Fluent in JavaScript, HTML..."
https://kr.indeed.com/viewjob?jk=e8db36eced42ee14,Python 시스템 개발 직원 채용,세종특별자치시,,"시스템개발 영상처리 & 머신러닝 시스템 개발, 통신(TCP/IP, Serial), FTP, DB 근무지역 충남 학력:대학교(2,3년), 경력:무관, 나이:무관, 성별:무관 <본 공고는 고용정보 워크넷(http..."
https://kr.indeed.com/viewjob?jk=180dac6dbe6afaed,NHN Cloud 머신러닝 연구 및 개발,성남 판교역,,"C++, Java, Python [머신러닝 서비스 개발] Job... TensorFlow, PyTorch - C++, Java, Python 공통지원자격 - 병역필 혹은 면제로 해외여행에 결격 사유가 없는 자..."
https://kr.indeed.com/viewjob?jk=7df915e1f0f86b2d,Software Architecture 설계 엔지니어,성남 분당구,"연봉 40,000,000원 - 100,000,000원",경험 - Windows/Linux 상에서 C++/ Python 언어 사용 개발 경험 - C++ / Python 언어 사용 개발 경험 - 객체지향 설계에... 게임>빅데이터·AI(인공지능)> Python|인터넷·IT·통신·모바일·게임...
https://kr.indeed.com/viewjob?jk=9144817ca6d5abb5,[경기지역 우수중소기업 온라인 박람회],성남 분당구,,인터넷·IT·통신·모바일·게임>응용프로그래머>JAVA|인터넷·IT·통신·모바일·게임>응용프로그래머>C#|인터넷·IT·통신·모바일·게임>응용프로그래머>인공지능(AI)|인터넷·IT·통신·모바일·게임>응용프로그래머> Python
https://kr.indeed.com/viewjob?jk=bc6f3958319c0a16,데이터 사이언티스트 경력자,서울특별시,,"개발 경험 . 자연어처리/시계열 분석/머신러닝/데이터 마이닝 알고리즘 이론 및 실무 적용에 대한 깊은 이해 . Python Data & Analytics 라이브러리 경험 (NLTK, Spacy, Scikit-Learn..."
https://kr.indeed.com/viewjob?jk=fc09bd46b913c048,시스템 엔지니어링,성남 판교역,,"운영 경험 보유 - 쉘 스크립트 또는 프로그래밍 개발 스킬 보유 * Bash, PowerShell, Python, JAVA, etc * 운영 자동화/효율화 경험 보유 - 대용량 트래픽 처리를 위한 인프라 설계와 구축..."
https://kr.indeed.com/viewjob?jk=4ceae2829c89df04,Industrial AI Algorithm Researcher(Data Scientist),수원 영통구,,석사 이상 보유자(병역특례 가능)- Python 개발 경력 보유자[우대사항... 데이터분석|인터넷·IT·통신·모바일·게임>빅데이터·AI(인공지능)> Python|인터넷·IT·통신·모바일·게임>빅데이터·AI(인공지능)>머신러닝|인터넷...
https://kr.indeed.com/viewjob?jk=2391cbada9cf8458,[Knowledge AI R&D] 플랫폼 개발 엔지니어 모집,성남 판교역,,"조사하고 활용을 위한 기술 연구 및 도입 지원자격 학력 : 학사 이상 경력기간 : 3년 ~ 필수조건 - Python, Java 등 하나 이상의 프로그래밍 언어에 대한 이해 및 개발 경력을 가지신 분 - 프로그램 설계, 디버..."
https://kr.indeed.com/viewjob?jk=56523d2ce6f8d860,NHN Cloud 인프라 서비스 개발,성남 판교역,,우대사항 - NHN Cloud에서 제공하는 다양한 인프라 서비스 개발 - C/C++ 또는 Java/ Python 개발 경력 5년 이상 - Linux 환경 개발자 - Openstack 개발 경험 - Container...
https://kr.indeed.com/viewjob?jk=3491f90f91c92f20,[국내 최고회사] Back-End 개발자,성남 분당구,,로그래머>백엔드|인터넷·IT·통신·모바일·게임>웹프로그래머>웹개발|인터넷·IT·통신·모바일·게임>웹프로그래머> Python|인터넷·IT·통신·모바일·게임>데이터베이스·DBA>NoSQL|인터넷·IT·통신·모바일·게임>데이터베이스...
https://kr.indeed.com/viewjob?jk=82d7c62fffe963f5,[웹젠] TA(Unreal Engine 4)(경력),성남 분당구,,"티스트를 위한 툴 제작 및 각종 기술 문서 작성 (Blueprint, python, maxscript) - 아트 컨텐츠 관련 이슈 해결 및 기술 지원... 문서 작성 (Blueprint, python, maxscript) - 아트..."
https://kr.indeed.com/viewjob?jk=58ffe9950f464f19,[카카오메이커스] 퍼포먼스 마케터 모집,성남 삼평동,,"커머스 업계에서 2년 이상 실무를 하며 인사이트를 갖추신 분 - 분석언어 활용 역량을 보유하신 분 (SQL, Python 등) - 서비스 내 자발적인 프로젝트를 통해 유의미한 Growth를 만들어 낸 경험이 있으신 분 전형..."
https://kr.indeed.com/viewjob?jk=754be9e3d78fa802,2021년 상반기 R&D 개발자 (병역특례 가능/경력 무관),인천 연수구,,"담당업무: - 블루투스 메시 기반 위치 추적 솔루션 개발 - 상기 솔루션의 임베디드 펌웨어 개발 - C(필수), Python, Javascript 프로그래밍 언어 사용 - 기술 지원 [자격요건] 경력사항: 무관 (신입도 지원..."
https://kr.indeed.com/viewjob?jk=65d17e4704beb445,네트워크 보안 담당자 채용,서울 중학동,,"정보보안기사 등 관련 자격증을 보유하신 분 - 포렌식 업무 경험 또는 관련 자격증을 보유하신 분 - Java, Python 등 프로그래밍 언어가 능숙하신 분 근무조건 [근무조건] - 근무형태 : 정규직 - 모집인원 : 명..."
https://kr.indeed.com/viewjob?jk=f8691758f74c5242,Support Engineer- Developer,서울,,"developing with Chatbot, Linux, Apache, Java, Node, Python, PHP, or Ruby - Knowledge and experiences of cloud services (Azure..."
https://kr.indeed.com/viewjob?jk=3544467a7b64376f,[전문연구요원] 의료영상 리서치 엔지니어 정규직,서울 마포구,,"학력무관직무기술: VISUALC++, 응용프로그래밍, C·C++, Python, AI개발 2 명 근무조건 고용형태: 정규직(수습기간3개월)근무부서... 머신러닝(ML)|인터넷·IT·통신·모바일·게임>응용프로그래머> Python"
https://kr.indeed.com/viewjob?jk=20abdd225641e77a,"Software QA Infotainment Test Engineer, Bundang, Gyeonggi, K...",경기도 성남,,"one or more scripting languages... Perl, Ruby, Python, or Bash Passionate about troubleshooting failures to determine..."
https://kr.indeed.com/viewjob?jk=ae185a03d7b8f71e,"사물인터넷(IoT) 개발, 메카트로닉스 외 신입/경력 정규직",수원 영통구,,"연구 빅데이터분석 및 AI개발 Python , WebRTC 프로그램개발... AI개발, Python / WebRTC프로그램개발 [우대사항] 전공계열: 공학계열 자격증: Python, Python 교육이수자, 빅데이터, 스마트공..."
https://kr.indeed.com/viewjob?jk=87e6d02f116aab21,"[입사축하금100만원, 전문연구요원] 데이터사이언티스트 / 영상인식 개발자",서울 금천구,,"문제 해결 경험 보유자ㆍSQL, Python, R 등 통계/분석 프로그램... 빅데이터·AI(인공지능)> Python|인터넷·IT·통신·모바일·게임>응용프로그래머>C·C++|인터넷·IT·통신·모바일·게임>응용프로그래머> Python"
https://kr.indeed.com/viewjob?jk=78043f960b1ed23d,프론트엔드/백엔드 개발자,수원 영통구,,"담당업무 및 자격요건]- 반도체 관련 어플리케이션 개발- C#, Java , Spring framework, Python, React, Vue, javascript, ETL 경험 중 1개 이상[우대요건]- 해당직무 유경험자..."
https://kr.indeed.com/viewjob?jk=88a59364cd7a0fa1,Support Engineer,서울,,"Java, Node, Python, PHP and Ruby, .NET... Linux, NGNIX, Apache, Java, Node, Python, PHP and Ruby • Experience with customer..."
https://kr.indeed.com/viewjob?jk=b3a6c83c9debcb92,네이버 파이낸셜 플랫폼 운영,성남 삼평동,,"Docker(kubernetes) 및 어플리케이션 배포 전략 지식 보유 - Shell script, python 및 web framework 등 기타 프로그래밍 언어 활용 가능 - 국가보훈대상자 및 장애인은 법령에 의거..."
https://kr.indeed.com/viewjob?jk=ad07d6a330fb619a,NHN Cloud 운영 및 기술지원,성남 판교역,,"Linux, Microsoft Solutions 등) - 2년 이상의 개발 경험 (Java, Python 등) - 기술 문서 작성 및 가이드 경험이 풍부한 자 - 대외 고객 기술 지원 경험 - Windows..."
https://kr.indeed.com/viewjob?jk=f54bac6c78fd3240,코딩에 빠진 수퍼 개발자 (펌웨어 개발),성남 수정구,,"학력무관직무기술: 펌웨어(Firmware), Embedded System S/W 개발(판교) c/c++, Python 3 명 근무조건 고용형태: 정규직근무부서: 개발팀급여조건: 연봉 협의 후 결정 전형단계 및 제출서류 전형단..."
https://kr.indeed.com/viewjob?jk=1fd963b87d62d30a,한화시스템/방산 2021년 한화시스템 방산부문 신사업분야 경력사원,성남 분당구,,시스템개발자|인터넷·IT·통신·모바일·게임>빅데이터·AI(인공지능)> Python|전자·기계·기술·화학·연구개발>연구원·연구개발>전기·전자|전자·기계... 그래머>C·C++|인터넷·IT·통신·모바일·게임>응용프로그래머> Python
https://kr.indeed.com/viewjob?jk=87309d3ff40ead61,딥러닝 AI 개발 연구원,성남 수정구,,시스템프로그래머>임베디드(Embedded)|인터넷·IT·통신·모바일·게임>응용프로그래머>C·C++|인터넷·IT·통신·모바일·게임>응용프로그래머>Linux|인터넷·IT·통신·모바일·게임>빅데이터·AI(인공지능)> Python
https://kr.indeed.com/viewjob?jk=f23c18cdd8281db9,[KSTEC] 통계/Analytics 신입 및 경력사원,성남 분당구,,"지능화 (의사결정 자동화) 시스템 개발 (SPSS, SAS, R, Python, Java 기반)2. 기업용 데이터과학 & 인공지능 플랫폼 솔루션3... 게임>빅데이터·AI(인공지능)> Python|인터넷·IT·통신·모바일·게임..."
https://kr.indeed.com/viewjob?jk=254b49e1cba468df,[무료교육/연계] 2021년 SK쉴더스 Rookie 6기 전문가과정 교육생,경기도,,통신·모바일·게임>빅데이터·AI(인공지능)>데이터분석|인터넷·IT·통신·모바일·게임>빅데이터·AI(인공지능)> Python|인터넷·IT·통신·모바일·게임>빅데이터·AI(인공지능)>머신러닝|인터넷·IT·통신·모바일·게임>빅데이터...
https://kr.indeed.com/viewjob?jk=11edb836898edd00,[NAVER Cloud] Security Engineer 모의해킹,성남 분당구,,0-day 취약점 발견 [지원자격/필요역량]- 모의해킹 경력 2년 이상- 리버싱 및 웹 해킹 기술 보유- Python 프로그래밍 능력 [우대사항]- 해킹 대회 입상 경험을 보유하신 분- CVE 등록 경험을 보유하신 분 인터넷...
https://kr.indeed.com/viewjob?jk=b0e39e829a425353,카카오 광고 최적화 연구 및 개발,성남 판교역,,"활용한 어플리케이션 개발 지원자격 하나 이상의 프로그래밍 언어에 익숙한 분 (C/C++, Java, Python, Go, Scala 등) [알고리즘 개발 업무 관련 지원 경우] 데이터 마이닝 또는 머신러닝 지식/경험이..."
https://kr.indeed.com/viewjob?jk=661de7fb075a36db,[TmaxAI/R&D] Metaverse 3D Graphic 및 Unity 게임 엔진 개발자,성남 분당구,,"분야 국제학회 논문 저자 [3D 그래픽, 게임 주 사용 언어] - C++, C# - Java Script - Python - Spring, React - HTML 모집기간 2021/11/12 ~ 2021/11/25"
https://kr.indeed.com/viewjob?jk=5ea9ea023c6ccc03,"S/W 엔지니어, 데이터분석 신입/경력 정규직, 인턴",성남 분당구,,"케이션 제작 및 유지보수 업무- Python, Golang, QT 중 선택... 2. 시스템프로그래머- Python, Golang, QT 중 선택 가능3. 영상데이터 분석 및 모델링- python기반 영상데이터 분석 및 모델링..."
https://kr.indeed.com/viewjob?jk=1399ee2f387a27dd,카카오 전체의 계정 플랫폼을 만들 서버개발자 모집,성남 판교역,,"를 사용한 웹어플리케이션 개발 하둡 에코시스템을 활용한 대용량 데이터 처리 Ruby on Rails, Python 을 사용한 개발 Kafka, Redis, Elastic Search 등을 활용한 개발 함께 성장하고 싶다면..."
https://kr.indeed.com/viewjob?jk=d2e18c8972714f43,IT 경력직원,서울 마포구,,통신·모바일·게임>빅데이터·AI(인공지능)>데이터분석|인터넷·IT·통신·모바일·게임>빅데이터·AI(인공지능)> Python|인터넷·IT·통신·모바일·게임>빅데이터·AI(인공지능)>머신러닝|인터넷·IT·통신·모바일·게임>빅데이터...
https://kr.indeed.com/viewjob?jk=af10febc16b8dbeb,[TmaxTibero/기술] DBMS 제품 QA 신입 및 경력,성남 분당구,,경력 지원자) - 데이터베이스 연관 3rd Party 제품 기술지원 경험자(경력 지원자) - Java/C/ Python/shell 초급 개발자/경험자(경력 지원자) - S/W QA 경험자(경력 지원자) - CDC 제품 사용...
https://kr.indeed.com/viewjob?jk=aad13961b12efb3d,[2022 전문연구요원] Programming - 서비스 플랫폼 개발,성남 판교역,,"ECMAScript에 대한 이해도가 있으신 분 - C++, Java, Go, C#, .NET 프레임워크, Python 기반 프로그래밍을 능숙하게 할 수 있는 분 - iOS, Android 모바일 어플리케이션 프로그래밍을 할..."
https://kr.indeed.com/viewjob?jk=35f0a25dee5f3312,딥러닝 알고리즘 및 응용 Engineer,성남 분당구,"연봉 40,000,000원 - 100,000,000원",모바일·게임>빅데이터·AI(인공지능)>인공지능(AI)|인터넷·IT·통신·모바일·게임>빅데이터·AI(인공지능)> Python|인터넷·IT·통신·모바일·게임>빅데이터·AI(인공지능)>머신러닝|인터넷·IT·통신·모바일·게임>빅데이터...
https://kr.indeed.com/viewjob?jk=5d52afdc24354928,네이버 파이낸셜 플랫폼 운영,성남 삼평동,,"Docker(kubernetes) 및 어플리케이션 배포 전략 지식 보유 - Shell script, python 및 web framework 등 기타 프로그래밍 언어 활용 가능 - 국가보훈대상자 및 장애인은 법령에 의거..."
https://kr.indeed.com/viewjob?jk=8070498013c9b353,시스템 엔지니어 영입,성남 분당구,,니어|인터넷·IT·통신·모바일·게임>ERP·시스템분석·설계>AWS|인터넷·IT·통신·모바일·게임>웹프로그래머> Python|인터넷·IT·통신·모바일·게임>전산·IT기술지원>전산직|인터넷·IT·통신·모바일·게임>전산·IT기술지원...
https://kr.indeed.com/viewjob?jk=049e047740085644,분당 kt 전산 프로그램 개발/운영 인력,성남 분당구,,수 있습니다. 인터넷·IT·통신·모바일·게임>웹프로그래머>JAVA|인터넷·IT·통신·모바일·게임>웹프로그래머> Python|인터넷·IT·통신·모바일·게임>웹프로그래머>JSP|인터넷·IT·통신·모바일·게임>데이터베이스·DBA...
https://kr.indeed.com/viewjob?jk=63aa7316b1a84843,네트워크 담당자 영입,성남 분당구,,응용프로그래머>클라우드|인터넷·IT·통신·모바일·게임>네트워크·서버·보안>네트워크구축·운영·관리|인터넷·IT·통신·모바일·게임>네트워크·서버·보안>TCP·IP·IPX|인터넷·IT·통신·모바일·게임>웹프로그래머> Python
https://kr.indeed.com/viewjob?jk=b7a101fa87b0411b,"딥러닝 솔루션 개발 (이미지, 자연어, 시계열 데이터)",성남 분당구,,모바일·게임>빅데이터·AI(인공지능)>인공지능(AI)|인터넷·IT·통신·모바일·게임>빅데이터·AI(인공지능)> Python|인터넷·IT·통신·모바일·게임>빅데이터·AI(인공지능)>머신러닝|인터넷·IT·통신·모바일·게임>빅데이터...
https://kr.indeed.com/viewjob?jk=78e99625e5de3c95,전문연구요원 (병역특례) 수시 (AI / HW 분야),성남 분당구,"연봉 40,000,000원 - 100,000,000원","모델의 RTL IP 설계 및 IP 검증 가능자 - Language: Python/Perl, C/C++ [우대 조건] - ARM based SoC 설계... Linux, shell, tcl, python, perl 사용 원활..."
https://kr.indeed.com/viewjob?jk=d7e9da4d32399dfe,침해사고 분석/대응 및 보안장비 운영 담당자 모집,성남 판교역,,"최신 인프라에 대한 이해 (Docker, K8s, Hadoop, ElasticSearch, kafka 등) python 등을 이용한 업무 자동화 유경험자 EDR/백신 관리 유경험자 적극적이고 긍정적인 마인드 보유자 원활한..."
https://kr.indeed.com/viewjob?jk=0064deb5fa9cbce0,데이터 사이언티스트 모집,성남 판교역,,"양한 실험을 통해 알고리즘을 개선합니다. 지원자격 지원자격 하나 이상의 프로그래밍 언어에 익숙한 분( Python, Java, C/C++, Scala 등) 머신러닝/딥러닝 오픈소스를 이용하여 1년 이상 특정 서비스에 모델..."
https://kr.indeed.com/viewjob?jk=2b9e604e63e7e46d,[카카오커머스] 기술직군,성남 분당구,,"우대사항 - 전자금융 감독규정, PCIDSS에 대한 실무 경험이나 이해도가 높으신 분 - JAVA, Python, shell script 등 개발 역량을 갖추신 분 - 웹/앱 취약점 진단 및 모의해킹 역량을 갖추신..."
https://kr.indeed.com/viewjob?jk=b500bd2a00c3c8ac,"정보보호 엔지니어(보안개발, 서버보안) 모집",성남 판교역,,"자동화 경험이 있으신 분이 유리합니다. 지원자격 (필수) 서버 개발경험이 있으신 분 [mongdb, python, docker, bash script] Linux 플랫폼에 대한 이해가 있으신 분 내부통제 관점의 기업보안..."
https://kr.indeed.com/viewjob?jk=e81b135b5b40cc6a,[PBN] Back-End 프로그래머 모집,성남 판교역,,"Framework(Spring Boot)또는 Node.js 이용한 Application 개발 경험자 2. Python등의 스크립트 활용 3. mongoDB, mysql 개발 경험자 4. 최신 기술 동향에 능동적인 마인드 보유..."
https://kr.indeed.com/viewjob?jk=c9c00cea70ae8711,백엔드 플랫폼 개발 유지보수,경기도 성남,,"Phoenix DB 개발 유지 보수 [ 자격요건] - 경력 4년 이상이신 분 - PHP, Java, Python, Apache, Html5, MySQL Javascript, Linux 등 웹서비스 개발 지식과 경험이..."
https://kr.indeed.com/viewjob?jk=6100350a5169a606,DB Engineer 모집,성남 판교역,,"분 원활한 커뮤니케이션이 가능하신 분 [우대사항] 대용량 DBMS 운영 경험이 있는 분 Golang, Python, Java등으로 API 기반 서비스 개발이 가능한 분 React, Vue.js 등 프론트개발 경험이 있으신..."
https://kr.indeed.com/viewjob?jk=063c109f9283ef14,2021 디지털 뉴딜·수출 중소기업 X 청년 일자리 엑스포,대한민국,,인터넷·IT·통신·모바일·게임>응용프로그래머>머신러닝(ML)|인터넷·IT·통신·모바일·게임>응용프로그래머> Python|인터넷·IT·통신·모바일·게임>응용프로그래머>인공지능(AI)|인터넷·IT·통신·모바일·게임>데이터베이스...
https://kr.indeed.com/viewjob?jk=cda25353b723aa92,[TmaxAI/R&D] AI 로보어드바이저 개발자,성남 분당구,,시계열 예측 모델 및 상품 추천 모델 개발<t 인터넷·IT·통신·모바일·게임>빅데이터·AI(인공지능)> Python|인터넷·IT·통신·모바일·게임>빅데이터·AI(인공지능)>인공지능(AI)|인터넷·IT·통신·모바일·게임>빅데이터...
https://kr.indeed.com/viewjob?jk=7e5393eb44244121,새싹 (SeSAC) 입문과정 Python 기초다지기,서울 마포구,,웹프로그래머>프론트엔드|인터넷·IT·통신·모바일·게임>웹프로그래머> Python|인터넷·IT·통신·모바일·게임>웹프로그래머>JSP|인터넷·IT·통신... 게임>빅데이터·AI(인공지능)> Python|인터넷·IT·통신·모바일·게임...
https://kr.indeed.com/viewjob?jk=bfe0f5ac4f32ec89,추천 통계분석/데이터사이언티스트,성남 판교역,,"통계, 수학 관련 분야의 석사 또는 박사 학위 소지자 숙련된 데이터분석 능력 데이터 사이언스를 위한 언어( Python/R) 를 하나 이상 능숙하게 다룰 수 있으신 분 분석 결과를 설득력있게 전달할 수 있는 분 우대사항..."
https://kr.indeed.com/viewjob?jk=220aef5082c5ebee,[TmaxAI/R&D] AI 로보어드바이저 개발자,성남 분당구,,"기졸업자 또는 22년 2월 졸업 예정자 -금융공학을 포함한 금융 관련 분야 전공자 혹은 유관 능력 보유자 - Python, numpy, pandas 사용 경험 우대사항 -컴퓨터 및 전산관련 전공 -금융권 경력 3년 이상이거나..."
https://kr.indeed.com/viewjob?jk=3d746c1813ba7b6e,기계학습 전문가 모집,성남 판교역,,"기간 : 2년 ~ 10년 필수조건 - 딥러닝 또는 강화학습 관련 전문 지식 및 R&D 경험 필수 - R&D에 python을 능숙하게 활용 할 수 있어야 하며, pytorch, tensorflow 등 딥러닝 라이브러리를 업무에..."
https://kr.indeed.com/viewjob?jk=192c20f6f0f64ab3,[2022 전문연구요원] AI R&D - Language AI,성남 판교역,,"기술을 서비스에 적용하기 위한 MLOps 플랫폼을 개발합니다. 지원자격 학력 : 석사 이상 필수조건 - Python, Java등 한 가지 이상의 컴퓨터 프로그래밍 언어를 활용할 수 있으신 분 - 머신러닝/딥러닝 기술에 대한..."
https://kr.indeed.com/viewjob?jk=ac9068957c550cb3,데이터 전문가(모델러/분석가/엔지니어) 모집,성남 판교역,,대용량 데이터를 효율적으로 사용하기 위한 기반 데이터 가공 지원자격 데이터 사이언스를 위한 언어(R/ Python/Scala) 및 도구(scikit-learn/Spark MLlib/Tensorflow/Pytorch 등)를...
https://kr.indeed.com/viewjob?jk=dbcbfb55a2d07c2b,[신규프로젝트] 차세대 콘솔 TA 모집,성남 판교역,,Shader 제작 Skill - 프로젝트 개발 전반에 걸친 성능 분석(Profiling)Skill - Python등 개발언어 활용 능력 제출서류 포트폴리오 (필수) 전형단계 서류전형 1차 면접 NCTEST 2차 면접 처우협의...
https://kr.indeed.com/viewjob?jk=8d7d11cbad756e23,리스크관리부 경력직,대한민국,,"리스크관리방안 수립 - 장외파생상품 관련 한도, 일별 손익 등 모니터링 필요역량 - 프로그래밍 언어(C/ Python 등)를 이용한 장외파생상품 Pricing Skill 보유자 - 장외파생상품 및 시장리스크 관련 지식 보유자..."
https://kr.indeed.com/viewjob?jk=b40c2fca5a96e5b8,[AI R&D] Language AI(NLP) Research 분야 모집,성남 판교역,,"분 - 통계/Machine Learning에 대한 이해와 활용 능력 및 text 처리 기술에 대한 경험 - Python, Java 등을 이용하여 NLP 기술을 구현 가능한 분 - 최신 기술(논문, 기술문서 등)을 습득하는..."
https://kr.indeed.com/viewjob?jk=ffed458dd6df1a30,[2022 전문연구요원] AI R&D - Speech AI,성남 판교역,,분석합니다. 3. 음성을 만들어내는 음성 합성 모델을 개발합니다. 지원자격 학력 : 석사 이상 필수조건 - Python을 이용한 프로그래밍 경험이 있으신 분 - 데이터 마이닝/딥러닝/인공지능 관련 전공을 하거나 연구 경험이...
https://kr.indeed.com/viewjob?jk=4022f49bc50ef230,인프라보안 엔지니어,성남 판교역,,"보안 설계/적용/운영 경험 - 정보통신망법, 개인정보보호법, 전자금융감독규정 등 컴플라이언스의 이해 - Python, Script Language 활용 능력 공통지원자격 - 병역필 혹은 면제로 해외여행에 결격 사유가..."
https://kr.indeed.com/viewjob?jk=e0e37aaebc73dde3,지표구축,경기도 성남,,"대시보드 플랫폼의 활용이 가능하신분 - 새로운 서비스 출시후 모니터링이나 트랜드 확인이 가능하도록 설계나 지원이 가능하신분 - SQL,Excel,R, Python 등을 이용하여 데이터 추출 또는 분석이 가능하신 분"
https://kr.indeed.com/viewjob?jk=44a78c0c83de015a,"소프트웨어, 컴퓨터비전 매니저 신입/경력 정규직",성남 분당구,,"ㆍ Python 언어 숙련자 ㆍPytorch, Tensorflow 등의 딥러... ㆍ이슈 대응 및 관리 [자격요건]ㆍ 학력사항: 대학교(4년)졸업 이상ㆍ Python 언어 숙련자ㆍPytorch, Tensorflow 등의 딥러닝 이브러..."
https://kr.indeed.com/viewjob?jk=2b2dcd3ffe3d53df,카카오 데이터의 가치를 발굴할 데이터 분석가 모집,성남 판교역,,"기술 통계량 이해 및 해석) 데이터 분석 업무를 수행할 수 있는 언어 스킬 필수 SQL 필수 R 또는 Python을 다룰 수 있는 분 (SAS, SPSS, GA, tableau 등 통계 툴만 사용 가능한 경우 제외) 하둡..."
https://kr.indeed.com/viewjob?jk=ebd9b7e972f551fc,서버 개발자 Python(Django) Developer (신입/경력),서울 마포구,,유관직무 경력자 서버 개발자 Python(Django) Developer... 있습니다.■ 자격 요건 인터넷·IT·통신·모바일·게임>웹프로그래머> Python|인터넷·IT·통신·모바일·게임>웹프로그래머>웹개발|인터넷·IT·통신...
https://kr.indeed.com/viewjob?jk=9adbc290202846e1,[아이브릭스] 기업부설연구소 전문연구요원,성남 분당구,,모바일·게임>응용프로그래머>JAVA|인터넷·IT·통신·모바일·게임>응용프로그래머>자바스크립트|인터넷·IT·통신·모바일·게임>빅데이터·AI(인공지능)>머신러닝|인터넷·IT·통신·모바일·게임>빅데이터·AI(인공지능)> Python
https://kr.indeed.com/viewjob?jk=8c32b5db8ab28c7d,"[광고 추천] 데이터 과학자, 기계학습(머신러닝) 전문가 모집",성남 판교역,,"학습(머신러닝), 딥러닝에 관한 지식과 경험이 풍부한 분 하나 이상의 프로그래밍 언어에 능통한 분 (예, Python, R, Java, Scala, C/C++, Golang 등) 단, 주니어는 기계학습 기초 지식과 개발 역량..."
https://kr.indeed.com/viewjob?jk=6f4889537af98046,데이터 사이언티스트 및 엔지니어,성남 판교역,,"스트, 결과 해석 등) - 머신 러닝 및 데이터 분석 관련 언어(R, Python, SQL 등)의 능숙한 활용 - 통계, 머신 러닝 등 관련 분야... 관련 언어, 라이브러리(R, Python, SQL, tensorflow 등..."
https://kr.indeed.com/viewjob?jk=cae7255a0aeea2b8,더케이교직원나라(주) 2021년도 하반기 직원,서울 종로구,,로그래머>백엔드|인터넷·IT·통신·모바일·게임>웹프로그래머>프론트엔드|인터넷·IT·통신·모바일·게임>웹프로그래머> Python|인터넷·IT·통신·모바일·게임>웹프로그래머>ASP.NET|인터넷·IT·통신·모바일·게임>웹프로그래머...
https://kr.indeed.com/viewjob?jk=655a47f679e14eaf,[TmaxAI/R&D] NLP(자연어음성)부문 연구원 및 관련 서비스 프론트 & 백엔드 개발자 신입 및 경력,성남 분당구,,"DB 개발 경험이 있으신 분 [음성, 자연어처리] 관련 분야의 연구 경험 / 기본 지식 보유자 기본적인 Python 프로그래밍이 가능하신 분 우대사항 [프론트] - UX 기획 및 개발 유경험자 - react 개발 유경험자..."
https://kr.indeed.com/viewjob?jk=dc3cf3a8897f1c3a,[KREAM] Server 개발자,성남 분당구,,유치[KREAM의 문화] 인터넷·IT·통신·모바일·게임>응용프로그래머> Python|인터넷·IT·통신·모바일·게임>빅데이터·AI(인공지능)> Python|인터넷·IT·통신·모바일·게임>통신·모바일>플랫폼(VM)|인터넷·IT·통신...
https://kr.indeed.com/viewjob?jk=b2a5e4aeccfd3f28,백엔드/DB 개발자,성남 삼평동,,"대학교(4년) 우대조건 python 코딩 능숙하신 분, 스타트업계 관심... 웨어공학 전공 - 컴퓨터공학 전공 - 전기·전자공학 전공 - 직접 : python 코딩 능숙하신 분 - 직접 : 스타트업계 관심 많고 기업 문화 만드..."
https://kr.indeed.com/viewjob?jk=1d07c293a0263317,NGS 유전체 빅데이터 사이언티스트 신입/경력 정규직,울산 울주군,,"인공지능 기반 연구수행 능력 - Python, R 프로그래밍 언어 - 연구... 지능기타: - NGS 유전체 빅데이터, 인공지능 기반 연구수행 능력- Python, R 프로그래밍 언어- 연구과제 기획서, 보고서 및 관련 논문 작성..."
https://kr.indeed.com/viewjob?jk=e75121d8930a8604,Quant Trader(코딩 역량 우수자),서울,,리할 수 있는 사람자신 또는 타인의 생각을 긍정적인 방향으로 항상 의심하고 개선할 수 있는 사람아이디어나 논리를 수치적으로 검증하는 능력과 습관이 있는 사람 인터넷·IT·통신·모바일·게임>빅데이터·AI(인공지능)> Python
https://kr.indeed.com/viewjob?jk=579bd3dacc4f76e2,멀티캠퍼스 프리랜서 강사,서울 강남구,,인공지능)>인공지능(AI)|인터넷·IT·통신·모바일·게임>빅데이터·AI(인공지능)>데이터분석|인터넷·IT·통신·모바일·게임>빅데이터·AI(인공지능)> Python|인터넷·IT·통신·모바일·게임>빅데이터·AI(인공지능)>머신러닝
https://kr.indeed.com/viewjob?jk=e613e8a5792b4fe9,비전넥스트 개발직군 채용,서울,,"자격요건 - C/C++, Python 가능 - Verilog-HDL... Methodology - SoC Top Integration - C/ Python 기반 모델 RTL 변환 가능 기술 O명 판교 한화인 1:1 문의하기..."
https://kr.indeed.com/viewjob?jk=971afe8c340a8697,System Engineer 모집,성남 판교역,,"인프라 운영 경험 (프로비저닝, 설정 관리, 모니터링 등) - 운영에 필요한 도구 개발 (Shell / Python 중 하나 이상의 개발 경험 및 REST API 활용) 역량 우대사항 - 글로벌 서비스 Architecture..."
https://kr.indeed.com/viewjob?jk=76ede5b272c46cad,AI분야 코스닥상장사 백엔드개발 경력 정규직,성남 분당구,,부분을 개발해보거나 프로젝트를 진행해본 경험이 있으신 분 2) Python / golang 중 하나 이상을 능숙하게 사용하실 수 있으신 분 3... 진행해본 경험이 있으신 분2) Python / golang 중 하나 이상을...
https://kr.indeed.com/viewjob?jk=3ad6a46b279e6302,AI Engineer : 의료 영상 데이터 활용 딥러닝 알고리즘 개발,서울 강남구,,모바일·게임>빅데이터·AI(인공지능)>인공지능(AI)|인터넷·IT·통신·모바일·게임>빅데이터·AI(인공지능)> Python|인터넷·IT·통신·모바일·게임>빅데이터·AI(인공지능)>머신러닝|인터넷·IT·통신·모바일·게임>빅데이터...
https://kr.indeed.com/viewjob?jk=51df90967b46e8f0,[외국계 스타트업 미소] Business Analyst,서울,,통신·모바일·게임>빅데이터·AI(인공지능)>데이터분석|인터넷·IT·통신·모바일·게임>빅데이터·AI(인공지능)> Python|인터넷·IT·통신·모바일·게임>데이터베이스·DBA>MySQL|인터넷·IT·통신·모바일·게임>데이터베이스...
https://kr.indeed.com/viewjob?jk=79fb95da6dff4025,하반기 신입(채용 연계형 인턴) 수시채용,서울 마곡동,,"Python, R, 기타 코딩 능력 보유자 또는 통계 분석에 대한 기초 지식 보유자 중 1개 해당자 우대사항 · 통계 분석에 대한 기초 지식 보유자 · 기초 프로그래밍 코딩 구현 능력 보유자 ( Python or R..."
https://kr.indeed.com/viewjob?jk=4adac8923476d038,프랭클린템플턴투신운용 Junior Trader (Quant base 필수),대한민국,,"object-oriented programming and intermediate programming proficiency in Python, R or MATLAB, and SQL are essential. Licenses..."
https://kr.indeed.com/viewjob?jk=8dcd45f0d31410c7,QA Engineer,서울,,systems * Experience in scripting languages... Python and Shell script * Very good technical communication skills...
https://kr.indeed.com/viewjob?jk=e91b5984e7f5d3fd,"데이터베이스개발자, 웹개발 신입/경력 정규직",서울 영등포구,"연봉 36,000,000원 - 60,000,000원","개발자 ㆍCss/html 등 웹디자인 관련 유경험자 ㆍ자바스크립트, Python, C++, 닷넷 등 ㆍNode, Selenium, electron... 관련 유경험자ㆍ자바스크립트, Python, C++, 닷넷 등 ㆍNode..."
https://kr.indeed.com/viewjob?jk=733b814969bff5a7,Jr. Back-end Engineer (Python),서울 강남구,,"이런 분을 찾아요 2년 이상의 Python을 활용한 백엔드 개발 업무를 수행한 경험이 있으신 분 Django, Django Rest Framework, Flask 등의 Python web framework를 사용하여..."
https://kr.indeed.com/viewjob?jk=74a1c32205093e57,QUANTUM.AI 개발팀 정규직 (back-end),서울 금천구,,"개발팀직급/직책: 팀원, 팀장 [자격요건]경력사항: 경력(2년~)학력사항: 학력무관직무기술: 웹프로그래밍, Python, 앱 백엔드 개발자 (Django/MySQL/AWS)우대사항- AI 관련 서비스 개발 경험 0 명 근무조..."
https://kr.indeed.com/viewjob?jk=7dc3cf5537450b54,게임 데이터 서비스/플랫폼 개발,성남 판교역,,"지표 분석 활동 - Hadoop 에코시스템을 통한 데이터 수집, 처리 및 지표 분석 경험 - Java, Python, Scala 중 최소 1가지 언어를 이용한 데이터 분석 및 소프트웨어 개발 역량 - 데이터 기반의 문제..."
https://kr.indeed.com/viewjob?jk=4f6f11369cfd4cea,소프트웨어 개발 경력 채용,성남 시흥동,"연봉 30,000,000원 - 40,000,000원","모두 스스로 도전과제를 찾고 이를 해결하는 과정을 통해 성장하며 발전하고 있습니다. 담당 업무 모집부문 Python, Java, Simulation 담당업무 - 3D 시뮬레이터 연구개발 - 로봇 프레임워크 연구개발 자격요건..."
https://kr.indeed.com/viewjob?jk=f0f09a16ab2a85c2,"[자동차 전장부품 우량대기업] Embedded 보안, 방화벽 경력인재",서울,,모바일·게임>응용프로그래머>Linux|인터넷·IT·통신·모바일·게임>응용프로그래머>Android|인터넷·IT·통신·모바일·게임>응용프로그래머> Python|인터넷·IT·통신·모바일·게임>시스템프로그래머>임베디드(Embedded)
https://kr.indeed.com/viewjob?jk=bf205a49ed87fa03,[LNG발전소] 데이터분석 전문가,충청남도,,모바일·게임>빅데이터·AI(인공지능)>인공지능(AI)|인터넷·IT·통신·모바일·게임>빅데이터·AI(인공지능)> Python|인터넷·IT·통신·모바일·게임>빅데이터·AI(인공지능)>머신러닝|인터넷·IT·통신·모바일·게임>빅데이터...
https://kr.indeed.com/viewjob?jk=7da03d182cfb2dd5,티맵모빌리티 서버개발자 - EV충전서비스,서울특별시,,어권 외국인과 어색하더라도 웃으면서 하고 싶은 말과 정보를 전달하실 수 있는 분 - Kotlin/Java/ Python/Ruby 등 하나 이상에서 스스로 전문가라고 다짐할 수 있는 분 기타 근무지 서울 2호선 을지로입구역...
https://kr.indeed.com/viewjob?jk=71c47ac87bb4087e,기술 인턴 인공지능 응용 연구/개발 인턴,서울 관악구,,"6개월) (협의) *모집 절차: 서류 à인터뷰(오프라인) *지원 자격: 프로그래밍 언어 활용 능력: Python, C, C++ 중 1가지 이상 데이터구조, 알고리즘 과목 이수 머신러닝과 딥러닝의 기본 개념 이해 머신러닝..."
https://kr.indeed.com/viewjob?jk=1be2f858ff81be64,Application Engineer - IP Validation,경기도 성남,,"programming and scripting languages (one or more of: Python [preferred], Perl, Tcl, Shell-based) Being familiar with OOP..."
https://kr.indeed.com/viewjob?jk=6fe5311eacbea17a,데이터 인프라 담당자 모집,성남 판교역,,"어링 5년 이상 업무 경험 보유자 하둡 에코시스템 기반 대용량 데이터의 수집, 가공이 가능한 분 Java, python, go, bash 등 언어 중 하나 이상 활용 가능하신 분 #우대사항 데이터 분석가, 머신러닝 전문가..."
https://kr.indeed.com/viewjob?jk=038c468c430dd125,"목동 컴퓨터 학원 코딩 강사 (정규직 및 계약직, 경력무관)",서울 양천구,,"2,3년)졸업 이상 기타: [IT·문화·직업강사] - C, C++, Python 언어 수업 가능자 [교육상담·학원에이전트 ] - CS 마인드 보유자... 문화·직업강사]- C, C++, Python 언어 수업 가능자[교육상담..."
https://kr.indeed.com/viewjob?jk=41584240cacec535,연구소 개발자 (HW 및 FW 개발/ AI연구개발/임베디드 SW개발/MFC기반 SW 개발),경기도 군포,"월급 2,300,000원","임베디드 SoC 기반 AI 카메라, DVR 개발- 지원자격 : C,C++, Python 개발가능/딥러닝 프레임웍(TensorFlow, Python 등)- 우대사항 : 영상분석 알고리즘(객체 검출, 분류, 인식 등) 개발 경험..."
https://kr.indeed.com/viewjob?jk=918468d6e12a17e8,네트워크 엔지니어링,성남 판교역,,"관리 도구 개발/운영 - 관련학과 졸업 후, 경력 3년 이상 - 리눅스 환경 개발 경력 2년 이상 - Python, Django, Javascript 관련 개발 경험 - CCNA 또는 JNCIA 이상의 자격증 보유..."
https://kr.indeed.com/viewjob?jk=d585814d097935eb,카카오톡 보이스톡/페이스톡/라이브톡 개발자 모집,성남 판교역,,"우대 사항 ✓ Spring/Java 혹은 Spring/Kotlin 기반 서버 개발 경험 ✓ MySQL, Python, JavaScript, Node.js 경험 ✓ 모바일/웹 환경을 위한 API 시스템 개발 경험 ✓ k8s..."
https://kr.indeed.com/viewjob?jk=b970fab4900ee5ec,[포털서비스] AB테스트 설계/분석 데이터 엔지니어 및 서버 개발자 모집,성남 판교역,,니다. 실험 프로세스 구축 및 이를 위한 도구 개발 지원자격 최소자격 개발 경력 2년 이상 Python 사용에 어려움이 없으신 분 우대사항 하둡 에코시스템에서 대용량 데이터 처리 경험이 있으신 분 ( hadoop...
https://kr.indeed.com/viewjob?jk=441986789fe10287,[TmaxAI/R&D] WAPL Commerce Back-end 개발자 경력직,성남 분당구,,"워크에 대한 실무적 지식 : Java/Spring, Javascript/Node.js framework, Python/Django 등 -웹 애플리케이션 개발에 관심이 있으신 분 -자기 주도적 설계, 개발 및 연구를 즐기는 분..."
https://kr.indeed.com/viewjob?jk=7420bd6ad89ff63a,미국 법인 보안 담당자,성남 판교역,,진행 가능하신 분 - 해외 근무에 결격 사유가 없는 분 - 악성코드 동적/정적 분석 능력 보유 - Python 등 스크립트 개발을 통한 업무 효율화 경험 - Elastic Stack에 대한 이해와 운영 경험 - 클라...
https://kr.indeed.com/viewjob?jk=f04e759ab4de87e3,Product Engineer - Fab Analytics,경기도 성남,,"working as process, integration or yield engineer. Python programming languages. UNIX/Linux operating systems is required..."
https://kr.indeed.com/viewjob?jk=d74f2a9064a25a6a,"빅데이터연구소 경력 직원 모집(DBA, GIS분석, 부동산DB연구)",성남 삼평동,,"ㆍ부동산학과, 통계학과 등 관련학과 전공자 우대 ㆍ부동산분야 DB설계, 관리 업무 경험자 우대 ㆍSQL, Python 사용 경험자 우대 모집기간 : 2021년 7월 1일 ~ 2021년 7월 31일 (단, 적격자 우선 면접..."
https://kr.indeed.com/viewjob?jk=0c48bec15df378f6,헬스케어 IoT 분야 Backend 개발자,성남 분당구,"연봉 28,000,000원 - 30,000,000원",학위 소지하신 분• Java 또는 Python 언어로 서버 개발 경험 보유... 웨어>소프트웨어|인터넷·IT·통신·모바일·게임>빅데이터·AI(인공지능)> Python|인터넷·IT·통신·모바일·게임>빅데이터·AI(인공지능)>데이터분석...
https://kr.indeed.com/viewjob?jk=b6d169aa029a45a6,[강남/스타트업] 에이스랩 자율주행 엔지니어,서울 강남구,,"공학 등 관련학사혹은 상응하는 지식- 프로그래밍 능력 (C/C++, python, etc)자세한 업무 및 자격 요건은 자사 홈페이지에서 확인 00 명... 통신·모바일·게임>응용프로그래머> Python|인터넷·IT·통신·모바일·게임..."
https://kr.indeed.com/viewjob?jk=63fe23c48e8befdf,대기업 계열 자동차 전장회사 AI/DX 전문가 (연구위원),서울 강서구,,통신·모바일·게임>빅데이터·AI(인공지능)>빅데이터|인터넷·IT·통신·모바일·게임>빅데이터·AI(인공지능)> Python|인터넷·IT·통신·모바일·게임>빅데이터·AI(인공지능)>머신러닝|인터넷·IT·통신·모바일·게임>빅데이터...
https://kr.indeed.com/viewjob?jk=d3d33eafc5f2c0ac,Data scientist 직무 경력직,서울특별시,,"설계 / 검증 - 관련 직무 경력 5년 이상 ㆍ역량 요건 - 데이터마이닝 및 분석 기술/SQ,L, R, Python 등 활용 능력 보유 - AI / ML 이해 및 관련 라이브러리 활용, 알고리즘 개발 역량 보유 - Big..."
https://kr.indeed.com/viewjob?jk=c2c2b5fb87057ad2,(주)스누아이랩 AI연구소 신입/경력 정규직,서울 관악구,,인공지능)>인공지능(AI)|인터넷·IT·통신·모바일·게임>빅데이터·AI(인공지능)>머신러닝|인터넷·IT·통신·모바일·게임>빅데이터·AI(인공지능)>빅데이터|인터넷·IT·통신·모바일·게임>빅데이터·AI(인공지능)> Python
https://kr.indeed.com/viewjob?jk=22fd5b99c266e7b9,Operations Associate - Remote - Crypto/Fintech,서울•원격 근무,,Strong numeracy skills * Good working knowledge of Excel * Python and SQL knowledge a nice to have * Experience working...
https://kr.indeed.com/viewjob?jk=89f3e10d77a126bf,Field Service Engineer Korea,경기도 용인,,"troubleshooting. Preferably to have coding capability (Matlab, Python...etc... data analysis, visualization, and algorithm..."
https://kr.indeed.com/viewjob?jk=e03c3db92d5c1291,"백엔드, 웹개발 경력 정규직 - 스타트업/워라밸/수평문화/연봉최대협의",안양 동안구,"연봉 40,000,000원 - 50,000,000원","mindhub.aiJob Description◎ 채용제목백엔드 개발자 채용◎ 자격요건- Node.js 또는 python 개발자- React.js, Vue.js, Flask, Django 중 1가지 경험자- REST-API..."
https://kr.indeed.com/viewjob?jk=cc9d9d877af2fd19,[무료교육/취업연계] 2021년 클라우드 기반 IT/SW 개발자 양성과정 교육생,서울,,통신·모바일·게임>빅데이터·AI(인공지능)>데이터분석|인터넷·IT·통신·모바일·게임>빅데이터·AI(인공지능)> Python|인터넷·IT·통신·모바일·게임>빅데이터·AI(인공지능)>머신러닝|인터넷·IT·통신·모바일·게임>빅데이터...
https://kr.indeed.com/viewjob?jk=d81b36a0bbcd8282,차세대 AAA 게임 테크니컬 아티스트 모집,성남 판교역,,"우대 Skill - 일정 수준 이상의 영어 스킬(기술문서 독해 및 청취 가능 여부) - Max Script, Python, C Sharp, 등을 이용한 Script & Tool 제작 Skill - UE4 Blueprint 로..."
https://kr.indeed.com/viewjob?jk=042fdbd3871830e7,LINE Pay DevOps Engineer,성남 분당구,,"자격요건 Java, Golang, Python 등 1개 이상의 언어 사용이... Linux|인터넷·IT·통신·모바일·게임>빅데이터·AI(인공지능)> Python|인터넷·IT·통신·모바일·게임>ERP·시스템분석·설계>시스템엔지니어"
https://kr.indeed.com/viewjob?jk=c35e9b72a11aa338,[신입/경력] 의료영상/음성인식/생체신호 연구원,서울 서초구,,게임>빅데이터·AI(인공지능)>인공지능(AI)|인터넷·IT·통신·모바일·게임>빅데이터·AI(인공지능)>딥러닝|인터넷·IT·통신·모바일·게임>응용프로그래머>C·C++|인터넷·IT·통신·모바일·게임>응용프로그래머> Python
https://kr.indeed.com/viewjob?jk=109c5533ffdaaa84,[DB금융투자] 2021년 하반기 신입사원 모집,서울 대치동,,"개선, 신규 서비스 기획 등 프로젝트 진행 전공 제한없음 ※ JAVA, Objective-C/Swift, Python 등 기술보유자 우대... 금융관련 자격증 보유자 우대 ※ 영어 능통자 우대 0명 서울 (여의도..."
https://kr.indeed.com/viewjob?jk=cf69b3f7a651299d,[정규직] 기술지원(FAE),서울 영등포구,,통신·모바일·게임>빅데이터·AI(인공지능)>빅데이터|인터넷·IT·통신·모바일·게임>빅데이터·AI(인공지능)> Python|인터넷·IT·통신·모바일·게임>전산·IT기술지원>유지보수|인터넷·IT·통신·모바일·게임>전산·IT기술지원...
https://kr.indeed.com/viewjob?jk=df21e3bb5d773616,Python Programmer,서울 서초구,,개발 – JAVA 프로그래밍(라이브러리 활용) – Spring 프레임 워크 개발 – Python API 프로그래밍 우대사항 – Python 개발 경험 – Open Source 라이브러리 개발경험 – Web 표준에 대한 경험...
https://kr.indeed.com/viewjob?jk=4467c21295529ae9,[TmaxAI/R&D] WAPL Pay Back-end 개발자 경력직,성남 분당구,,"임워크에 대한 실무적 지식 : Java/Spring, Javascript/Node.js framework, Python/Django 등 - 웹 애플리케이션 개발에 관심이 있으신 분 - 자기 주도적 설계, 개발 및 연구를 즐기..."
https://kr.indeed.com/viewjob?jk=2a9a2f04387dab43,[엑스퍼넷] 부설연구소 클라우드 서비스 개발 신입/경력직,안산 단원구,,"보유자 - REST API 이해 가능자(2) 자격요견 / 경력 - python, flutter framework 개발 경험자 - 네트워크 프로그래밍... 통신·모바일·게임>웹프로그래머> Python|인터넷·IT·통신·모바일·게임..."
https://kr.indeed.com/viewjob?jk=7b2496c8a71f02f2,광고데이터플랫폼 개발자 모집,성남 판교역,,"무와 데이터 파이프라인 시스템 설계/구축/관리 업무를 수행하게 됩니다. 지원자격 개발 경력 3년 이상 Python, Java, Kotlin, Scala 중 하나 이상의 언어에 능통 SQL 또는 HiveQL에 능통 대용량..."
https://kr.indeed.com/viewjob?jk=8fa17c6073918c5b,[경력] 하둡 플랫폼 서비스 개발자 모집,성남 판교역,,"에 대한 기본 지식 Hadoop/ecosystem 활용/개발 경험 3년 이상 Java 필수, 그 외 Python, Ruby 중 1개 이상 언어로 개발 가능 Web framework를 이용한 서비스 개발 경험 우대 자격..."
https://kr.indeed.com/viewjob?jk=f7cd55622750d778,[제약 벤처] 연구원 초빙 (선임-수석연구원),성남 분당구,,자격요건]. 경력: 책임~ 수석연구원 (1명). 학력/전공분야: 석사이상 / 분자모델링 [우대사항]- 해당 직무 경력 3년 이상- 모델링 소프트웨어 활용능력- Python 등 programming 경험자 우대...
https://kr.indeed.com/viewjob?jk=d83fc0dd2641f483,전문연구요원 (병역특례) 수시 (AI / SW 분야),성남 분당구,"연봉 40,000,000원 - 100,000,000원",요구 능력] - ASM/C/C++/ Python 언어 코딩 기술 - 운영체제... 경험 - Windows/Linux 상에서 C++/ Python 언어 사용 개발 경험 - C++ / Python 언어 사용 개발 경험 - 객체지향 설계에...
https://kr.indeed.com/viewjob?jk=4462a7887ee7f2bf,[KSTEC] SW 프로그래머 경력사원,성남 분당구,,통신·모바일·게임>응용프로그래머>.NET|인터넷·IT·통신·모바일·게임>웹프로그래머>JAVA|인터넷·IT·통신·모바일·게임>웹프로그래머> Python|인터넷·IT·통신·모바일·게임>웹프로그래머>HTML·DHTML·mHTML
https://kr.indeed.com/viewjob?jk=5e9276e6840d0dfc,(주)마크로젠 2021 IT&BT 부문 신입/경력 정규직,서울 금천구,,통신·모바일·게임>웹프로그래머> Python|인터넷·IT·통신·모바일·게임... 응용프로그래머>VoIP|인터넷·IT·통신·모바일·게임>응용프로그래머> Python|인터넷·IT·통신·모바일·게임>응용프로그래머>아이트래킹 프로그래머...
https://kr.indeed.com/viewjob?jk=2c1cb04522f89c75,[NAVER Cloud] Security Engineer 취약점 분석,성남 분당구,,"플리케이션 취약점 분석 역량- Cloud 환경의 취약점 분석 역량- Python 언어를 이용한 취약점 진단 활용, 자동화 [우대사항]- 웹, 앱 어플... 통신·모바일·게임>웹프로그래머> Python|인터넷·IT·통신·모바일·게임..."
https://kr.indeed.com/viewjob?jk=53fbfe54f327d9dc,AI Software Engineer,경기도 성남,,"TensorFlow 5+ years of programming experience in Python, C/C++ and MATLAB Experience working with other developers using Git..."
https://kr.indeed.com/viewjob?jk=d8a8869ab092f731,데이터 엔지니어 및 사이언티스트,성남 판교역,,"등 데이터 엔지니어와 사이언티스트의 업무를 경계 없이 수행하게 됩니다. 지원자격 개발 경력 3년 이상 Python, Scala, Java, C++ 중 하나 이상의 언어에 능통 SQL 또는 HiveQL에 능통 대용량 데이..."
https://kr.indeed.com/viewjob?jk=5c53fa993648eafe,서비스 데이터 분석가 모집,성남 판교역,,"여러 의사결정에 뒷받침되는 로그 데이터 설계 및 분석 - SQL, Python 등을 활용한 서비스 로그 데이터 핸들링 및 인사이트 도출 2) 지표... 경험이 있으신 분 - SQL, Python 등 데이터 분석에 필요한 언어에..."
https://kr.indeed.com/viewjob?jk=8a0f5a8857c12e2e,시스템엔지니어 신입/경력 정규직 [전문연구요원 지원 가능],용인 수지구,,"3. 위성 ETB 및 AIT, 우주환경시험 유경험자 4. C/C++/ Python 활용 가능자 5. 영어 가능자 6. 전문연구요원 지원 가능 (주)루미... 환경시험 유경험자4. C/C++/ Python 활용 가능자5. 영어 가능자6..."
https://kr.indeed.com/viewjob?jk=04c58ca44664d447,"산업용 비전 처리 S/W 개발, AI 가속기 처리 S/W 개발 경력사원",성남 중원구,,모바일·게임>응용프로그래머>Visual C++(MFC·ATL)|인터넷·IT·통신·모바일·게임>응용프로그래머> Python|인터넷·IT·통신·모바일·게임>응용프로그래머>인공지능(AI)|인터넷·IT·통신·모바일·게임>빅데이터·AI...
https://kr.indeed.com/viewjob?jk=07375dc4e800dfa9,추천 시스템 소프트웨어 엔지니어,성남 판교역,,"관련 업무 경험자 우대사항 운영체제, 네트워크, 컴파일러, 데이터베이스에 대한 이해가 깊으신 분 Python, C++, GPU 프로그래밍 숙련자 대용량/실시간 서비스 개발/운영 경험이 많으신 분 ICPC/TopCoder..."
https://kr.indeed.com/viewjob?jk=84fd9f9deb6105b0,"웹개발, Python 외 신입/경력 계약직",서울 강서구,,"주식회사 쿠바로엠앤씨 웹개발, Python 외 신입/경력 계약직 채용 모집... 게임>웹프로그래머>웹개발|인터넷·IT·통신·모바일·게임>웹프로그래머> Python|인터넷·IT·통신·모바일·게임>웹프로그래머>백엔드|인터넷·IT·통신..."
https://kr.indeed.com/viewjob?jk=7fdcd7a7457b1e93,데이터 분석,경기도 성남,,"의 서비스 이용/소비형태/이상현상과 트렌드 변화가 궁금하신 분 - B2C서비스 데이터 분석 직군에서 데이터 핸들링 경험이 있으신 분 - SQL,Excel,R, Python 등을 이용하여 데이터 추출 또는 분석이 가능하신 분"
https://kr.indeed.com/viewjob?jk=6825074ac2d6f4ad,[INEEJI 인공지능연구소] AI 예측 전문기업 개발팀원,성남 분당구,,INEEJI 인공지능연구소] 예측 서비스 AI엔지니어 모집(경력)- 인공지능기반 시계열 예측 서비스 개발( Python/TensorFlow등 기반)[근무부서 및 직급/직책]근무부서: 인공지능연구소직급/직책: 사원 [자격요건...
https://kr.indeed.com/viewjob?jk=97062eda1e80d8ec,마케팅 데이터 분석가 영입,성남 백현동,,분 - SQL 등을 통해 복잡한 데이터 셋에서 원하는 데이터를 추출 및 가공할 수 있으신 분 - R 또는 Python을 활용하여 분석 및 결과 리포팅이 가능하신 분 - 분석을 통해 도출된 의견을 숫자 기반으로 논리적이고...
https://kr.indeed.com/viewjob?jk=95929d1cd7077dfd,네이버 클라우드 플랫폼 기술지원,성남 삼평동,,"클라우드 서비스 운영 경험 (AWS, Azure, KT Cloud 등) - Shell Script, Python 활용 가능 - 국가보훈대상자 및 장애인은 법령에 의거 우대 (※입사지원 시 보훈/장애사항 체크 필수..."
https://kr.indeed.com/viewjob?jk=0a57a69a13126ff5,셀프 인테리어 위한 AI 플랫폼 서비스 개발자,성남 분당구,,이상의 python 또는 node.js실무 개발경험이 있는 분 -Restful API에 대한 이해와 실무경험이 있는 분 인터넷·IT·통신·모바일·게임>웹프로그래머>웹개발|인터넷·IT·통신·모바일·게임>웹프로그래머> Python...
https://kr.indeed.com/viewjob?jk=afd757e2243175cb,금융 AI 기술 연구 개발자 모집,성남 판교역,,"및 연구/문제 해결 능력 - Python 언어에 능숙하신 분 2. 해당직... Recognition, Data/Text Mining 경험 보유 - Python, SQL 활용 우대사항 - AI 관련 전공자 - 금융 도메인에 대한..."
https://kr.indeed.com/viewjob?jk=abbb8df34c660e0a,"빅데이터, (AI)인공지능 외 신입/경력 인턴 (정규직전환)",서울 금천구,,인공지능)>인공지능(AI)|인터넷·IT·통신·모바일·게임>빅데이터·AI(인공지능)>데이터분석|인터넷·IT·통신·모바일·게임>빅데이터·AI(인공지능)> Python|인터넷·IT·통신·모바일·게임>빅데이터·AI(인공지능)>딥러닝
https://kr.indeed.com/viewjob?jk=be7e32ad4eb08467,(주)한라홀딩스 해외영업/냉장사업/IT 경력사원 (11/30),서울,,로그래머>머신러닝(ML)|인터넷·IT·통신·모바일·게임>응용프로그래머> Python|인터넷·IT·통신·모바일·게임>웹프로그래머>웹개발|인터넷·IT·통신... 웹프로그래머>백엔드|인터넷·IT·통신·모바일·게임>웹프로그래머> Python
https://kr.indeed.com/viewjob?jk=0387ddfb9c185057,추천 AI 기술 연구 및 개발자 모집,성남 판교역,,"및 연구/문제 해결 능력 - Python 언어에 능숙하신 분 2. 해당직... Learning, Planning, Simulation - Python 우대사항 - AI 관련 전공자 - 대학, 기업체, 연구소 및 다양한 비즈니스..."
https://kr.indeed.com/viewjob?jk=6f9a0873a0b17770,[진행중] 우리은행 빅데이터사업부 전문직(데이터사이언티스트-데이터분석가) 채용공고,서울 회현동,,ML/DL 기술을 활용한 분석모델 개발 및 서비스를 적용해 본 경험이 있는자 - 데이터 분석을 위한 언어( Python/R)를 하나 이상 능숙하게 다룰 수 있는자 우대사항 - 금융분야 ML/DL 관련 업무 경력 2년...
https://kr.indeed.com/viewjob?jk=f28f4b931feadb85,소프트웨어 개발 경력,성남 수정구,"연봉 35,000,000원 - 40,000,000원",허위사실이 있을 경우 채용이 취소될 수 있습니다. 인터넷·IT·통신·모바일·게임>응용프로그래머>로봇소프트웨어개발자|인터넷·IT·통신·모바일·게임>응용프로그래머> Python|인터넷·IT·통신·모바일·게임>응용프로그래머>JAVA
https://kr.indeed.com/viewjob?jk=07365317f092b035,소프트웨어 신입/경력 정규직,성남 분당구,,출근이 가능하신 분[우대사항]우대사항: ㆍ인근거주자 ㆍ경력 기간 : 2년이상 또는 자격요건에 준하는 자 ㆍ python 코딩에 능숙하신 분 ㆍ스타트업 업계에 관심이 많고 스타트업 기업 문화 만드는 것에 관심이 있으신 분 ㆍ새로...
https://kr.indeed.com/viewjob?jk=0f502079be47bcfe,AI R&D 데이터플랫폼 엔지니어 모집,성남 판교역,,3년 ~ 15년 필수조건 - Hadoop 기반 분산 데이터 처리 기술에 대한 경험 보유 - Java / Python 기반 개발 경험 보유 - Hive / Spark 기반 데이터 파이프라인 개발 및 workflow 자동화 개발...
https://kr.indeed.com/viewjob?jk=63bd0323ac917d78,[아이콘트롤스] 2020년 경력 직원 (기술연구소) 연구개발부문,성남 분당구,,"자격요건>(필수)- 데이터 엔지니어 경력 3년 이상- 프로그램 개발( Python, Java) 능력 보유- 대용량 데이 인터넷·IT·통신·모바일·게임... 통신·모바일·게임>웹프로그래머> Python|인터넷·IT·통신·모바일·게임..."
https://kr.indeed.com/viewjob?jk=80a934b50778b4d9,[웹젠] DBA(경력),성남 분당구,,있는 분 - DB 서버 모니터링 및 장애 대응 경험이 있는 분 - Python에 관심이 있고 경험이 있는 분 • 기타 - 수시채용은 공고 게시 중에도... 장애 대응 경험이 있는 분 - Python에 관심이 있고 경험이 있는 분...
https://kr.indeed.com/viewjob?jk=285c6fe677e4d148,[KSTEC] Java 프로그래머 경력사원,성남 분당구,,통신·모바일·게임>응용프로그래머>.NET|인터넷·IT·통신·모바일·게임>웹프로그래머>JAVA|인터넷·IT·통신·모바일·게임>웹프로그래머> Python|인터넷·IT·통신·모바일·게임>웹프로그래머>HTML·DHTML·mHTML
https://kr.indeed.com/viewjob?jk=a5c4cc2e1637728c,[정보보호기술] 클라우드 보안기술 개발자,성남 삼평동,,"클라우드 관련 보안 정책 운영 및 보안 계획 수립 필수 경험과 역량 · Go-lang, Java, Python 등으로 개발된 오픈소스를 업무에 활용한 경험 및 개발 역량(일부 수정, 연동모듈 작성 등)을 보유한 분..."
https://kr.indeed.com/viewjob?jk=9789f07a557e37dc,[교보라이프플래닛생명] 데이터 애널리스트,서울 영등포구,,"식이 높으신 분이면 좋습니다.○ Python, R 등을 활용한 데이터 프로... 지능)>빅데이터|인터넷·IT·통신·모바일·게임>빅데이터·AI(인공지능)> Python|인터넷·IT·통신·모바일·게임>빅데이터·AI(인공지능)>R|인터넷..."
https://kr.indeed.com/viewjob?jk=48a124b20ee34e2b,2021년 AI 특화 맞춤형 교육과정 교육생,전라남도,,래머>머신러닝(ML)|인터넷·IT·통신·모바일·게임>응용프로그래머> Python|인터넷·IT·통신·모바일·게임>시스템프로그래머>사물인터넷(IoT) 개발... 게임>빅데이터·AI(인공지능)> Python|인터넷·IT·통신·모바일·게임...
https://kr.indeed.com/viewjob?jk=6063067f58daecb9,광학솔루션사업부 경력사원 공고,경기도 안산,,"dispensing, Vision/Function test) 우대 - 제어 부문 : C+, C++, C#, Python 등 프로그래밍 언어 사용 능숙자 우대 - 외국어 역량 우수자 우대 (TS 150점 이상, OPIC IH..."
https://kr.indeed.com/viewjob?jk=be6c1f03fa566f8e,추천 시스템 연구/개발,성남 판교역,,"분야 석사 또는 박사 학위 소지자 적어도 하나 이상의 능숙한 프로그래밍 언어가 있으신 분 우대사항 Python, C++, GPU 프로그래밍 숙련자 TensorFlow, PyTorch, implicit 등 머신러닝/추천..."
https://kr.indeed.com/viewjob?jk=28e0d44a26fbb146,[계약직] 모바일 게임 운영 및 컨텐츠 담당자 모집,성남 판교역,,"PT 제작 및 사업, 마케팅 피칭 경험 多 - 데이터 추출, 관리 및 가공을 통한 시각화 능력 (SQL / PYTHON / Excel VBA 가능자) 제출서류 게임 플레이 이력서(필수)(필수) 게임 플레이 리뷰(1개 게임..."
https://kr.indeed.com/viewjob?jk=a8c7fd3923c58768,[원익아이피에스] 대졸공채,성남 삼평동,,"경력자 - ANSYS Fluent, Mechanical, C/C++, Python, Matlab 사용 가능자 연구 개발 Data Science... 우대사항] - MATLAB, Python, R, 통계적 데이터 분석 기법..."
https://kr.indeed.com/viewjob?jk=d7c94cd33867232d,[TL] MMORPG 클라이언트 프로그래머 모집,성남 판교역,,"텐츠 개발 경험 우대사항 - Unreal Engine 에 대한 이해 - 블루프린트, UMG 에 대한 이해 - Python, Design Pattern, 게임 수학 제출서류 포트폴리오(선택사항) 전형단계 서류전형 1차 면접..."
https://kr.indeed.com/viewjob?jk=3114c8908a94e330,[신입] 미래 인재 DB,서울 강남구,,"ㆍSW플랫폼 및 운영체제(Linux/RTOS 등) 이해ㆍ마이크로컨트롤러 활용 경험/지식[우대사항]ㆍJAVA/ Python 활용 역량ㆍ기능안전 ISO26262, A-SPICE 프로세스 이해ㆍHW 회로도 이해 및 분석 역량ㆍCAN..."
https://kr.indeed.com/viewjob?jk=06d133676285b02e,침해사고 대응,성남 판교역,,"팩트 자동 수집 도구 개발 경험 - 아티팩트 분석 도구를 능숙하게 사용 가능하신 분 - C, Java, Python 등을 통한 업무 자동화 및 분석도구 개발 경험 - 기업 CERT 직무 수행 경험 - CVE 실무 경험..."
https://kr.indeed.com/viewjob?jk=0b320306d06b0f92,"IT기술지원, Perl 외 신입 정규직",성남 분당구,,"군지분석,상관성분석) 경험자R , Python , Perl , Oracle... Perl|인터넷·IT·통신·모바일·게임>빅데이터·AI(인공지능)> Python|인터넷·IT·통신·모바일·게임>데이터베이스·DBA>Oracle DB"
https://kr.indeed.com/viewjob?jk=6ad55e06021ddccb,MongoDB Engineer 모집,성남 판교역,,"수정 및 적용하여 운영해본 경험이 있는 분 C/C++ 또는 Python 언어를 이용한 프로그램 개발(프로젝트) 경험이 있는 분 Golang, Python, Java등으로 API 기반 서비스 개발이 가능한 분 Openstack..."
https://kr.indeed.com/viewjob?jk=269f9a96319ef19a,머신러닝 엔지니어 모집,성남 판교역,,"델의 성능 검증 및 지속 개선 대규모 로그 데이터 통계 분석을 통한 피쳐 추출 지원자격 #필수사항 Python, Java, C++ 등 언어 중 하나 이상 활용 가능하신 분 TensorFlow/Keras, PyTorch..."
https://kr.indeed.com/viewjob?jk=e29bd57c416ee579,인재 Pool 등록,대한민국,,"5년 이상 (IT기획, 프로젝트 PM/PL, 개발경력 등) - 자격 : 컴퓨터 언어 활용능력 보유 (JAVA, PYTHON) : 데이터베이스(RDBMS) 활용능력 보유 - 우대사항 : IT 예산(HW,SW,인건비) 수립 경험..."
https://kr.indeed.com/viewjob?jk=1874aaee481880be,클라우드 오퍼레이션 엔지니어,성남 판교역,,"Linux, Windows Server 트러블 슈팅 숙련자 - 2년 이상의 개발 경험자(PHP, Python 등) - 아래 기술 분야중 1개 이상의 풍부한 지식 및 운영 경험 보유자 (ElasticSearch..."
https://kr.indeed.com/viewjob?jk=9ab2041ab3380a21,카카오톡 안티어뷰징을 위한 데이터/백엔드 엔지니어 및 머신러닝 전문가 모집,성남 판교역,,"Engineer, Data Scientist 해당 분야에서 활용되는 언어 및 도구를 능숙하게 다룰 수 있는 분( Python, Scala, PyMC, PySpark, Tensorflow 등) 우대 사항 컨테이너 환경에서의..."
https://kr.indeed.com/viewjob?jk=14d562d10c215572,"PHP, Python 신입/경력 정규직",서울 금천구,,"주식회사 비즈부스터 PHP, Python 개발자 채용 모집부문 및 자격요건 담당업무 자격요건 인원 [담당업무]*당사의 서비스(비즈탑) 솔루션 및 서비... 프로그래머>PHP |인터넷·IT·통신·모바일·게임>웹프로그래머> Python"
https://kr.indeed.com/viewjob?jk=6a319aa71361778b,[Knowledge AI R&D] ML 엔지니어 모집,성남 판교역,,pipeline 설계 및 구현 기술 연구 개발 지원자격 학력 : 학사 이상 경력기간 : 3년 ~ 필수조건 - Python 언어 및 SQL 쿼리 작업에 능숙하신 분 - ML 도구(scikit-learn/Spark MLlib...
https://kr.indeed.com/viewjob?jk=9193b9de45a0ac1c,Embedded Software Engineer - Connected,경기도 성남,,"skills with C, C++ and other script languages (i.e. python etc..) Strong knowledge... IOT devices communication protocols..."
https://kr.indeed.com/viewjob?jk=4124ae4b678283f7,[블레이드 앤 소울] 툴 프로그래머 모집,성남 판교역,,"실패 포인트를 미리 대응한다. 지원자격 학력 : 무관 경력기간 : 2년 ~ 필수조건 1.C++, C#, Python 언어에 대한 이해 2.기본적인 툴 개발 지식 3.프로그래밍 기본 소양 우대사항 1.사용자 친화적인 마인드..."
https://kr.indeed.com/viewjob?jk=fc037709d0770796,System SW 엔지니어,성남 분당구,"연봉 40,000,000원 - 100,000,000원",사항: 대학교(4년)졸업 이상 [기본 요구능력] - ASM/C/C++/ Python 언어 코딩 기술 - 운영체제 SW 설계 및 구현 - 알고리즘/네트워... 게임>빅데이터·AI(인공지능)> Python|인터넷·IT·통신·모바일·게임...
https://kr.indeed.com/viewjob?jk=07361b6974643f64,[반도체IP 전문기업] HW Engineer,서울 강남구,,"알고리즘 이해 • C/C++/ Python Programming • SOC... Processing, Deep Learning 알고리즘 이해• C/C++/ Python Programming• SOC Integration, back..."
https://kr.indeed.com/viewjob?jk=a50f8c582b21a83a,[데이터사이언스] 계약직,서울 중구,,모바일·게임>빅데이터·AI(인공지능)>데이터분석|인터넷·IT·통신·모바일·게임>빅데이터·AI(인공지능)> Python|인터넷·IT·통신·모바일·게임>빅데이터·AI(인공지능)>데이터마이닝|인터넷·IT·통신·모바일·게임>빅데이터...
https://kr.indeed.com/viewjob?jk=878c2bc042c0221f,글로벌주식운용팀 경력사원 안내 (~11/30),대한민국,,"량분석(Quantitative Analysis) 을 통한 개별주식 운용 전략 개발 및 운용 경력 우대 - Python, VBA 등의 프로그래밍 언어를 통한 개발 능력 및 MSSQL 등 의 데이터베이스 연계 프로그래밍 경력자..."
https://kr.indeed.com/viewjob?jk=d5f94b987d7e125d,[KSTEC] 2020년 신입 및 경력 채용 (SW개발자),성남 삼평동,,"지능화(의사결정 자동화) 시스템 개발 (SPSS, SAS, R, Python, Java 기반) 2. 기업용 데이터과학&인공지능 플랫폼 솔루션... 1. SPSS, SAS, R, Python, Java 등 데이터분석..."
https://kr.indeed.com/viewjob?jk=8e427bfa23c2365d,Machine Learning Engineer (LINE AI Services Lab),대한민국,,"있으신 분 Hadoop MR, Hive, Spark 등 대용량 처리 프레임워크 개발/사용 경험이 있으신 분 Python, Scala, SQL 등의 프로그래밍 언어를 사용할 수 있으신 분 해외 출장 및 근무에 결격 사유 없으신..."
https://kr.indeed.com/viewjob?jk=d4c94aa1d7e84908,금융 데이터 분석 및 모델 개발,대한민국,,"지원 가능) 우대사항 ㆍ통계 분석 알고리즘 이해 및 활용 능력 보유 ㆍ데이터분석/모델링을 위한 언어(R/ Python 등) 활용 경험 ㆍ금융관련 자걱증 소지자(CFA, FRM, 투자자산운용사 등) ㆍIT 관련 자격증 소지자..."
https://kr.indeed.com/viewjob?jk=ab2f9b51bae920fa,Technical Writer 담당자 영입,성남 백현동,,"엔지니어들이 이해할 수 있도록 전문적인 기술 문서로 작성한 경험이 있으신 분 - Java, Kotlin, Python, Javascript 등의 소스코드를 읽고 이해할 수 있는 능력을 보유하신 분 - 개발, 서버, 네트워..."
https://kr.indeed.com/viewjob?jk=70df1fb5c7c70474,MySQL Engineer 모집,성남 판교역,,"도전하는 것이 즐거운 분 안 되는 것에 짜증 내기보다는 긍정적으로 어떻게 해야 할지를 고민할 수 있는 분 python, go, bash 등 스크립팅 언어를 하나 이상 사용하실 수 있는 분 MySQL에 대해 전반적으로 이해하고..."
https://kr.indeed.com/viewjob?jk=a25c504ff473f758,스팸 및 어뷰징 분석/대응 시스템 개발자 모집,성남 판교역,,"개발 콘텐츠 모니터링을 위한 웹 어플리케이션 개발 지원자격 [기본사항] java (kotlin), python, scala 중 하나 이상 익숙하신 분 입사 후 최초 6개월 동안 제주 근무 가능하신 분 (제주 근무 기간..."
https://kr.indeed.com/viewjob?jk=0e25160b5a1d095f,[유통 대기업] Business Analyst(비지니스분석가) 과차장급,서울,,"이터 컨설팅 또는 비즈니스 컨설팅 경력 5년 이상 보유 -SQL, R, Python 중 1개 이상의 분석 도구 활용 경험 보유 -비지니스에 대한 문제... 게임>빅데이터·AI(인공지능)> Python|인터넷·IT·통신·모바일·게임..."
https://kr.indeed.com/viewjob?jk=04d685fc70b67d4e,Linux/Python/PHP/MySQL/백엔드 정규직 경력,용인 보정동,,"보유 - DBMS(MySQL or MariaDB), scripting Language: bash, python, OOP 언어 중 가능자 - Back-End 서버를 개발해 보신 분 [우대사항] - Go(aka GoLang..."
https://kr.indeed.com/viewjob?jk=4c3ba5f4766e22be,Software Engineer - Front-End,서울,,data analytics software and data engineering utilities ( Python back-end) * Develop and optimize data exchange interface...
https://kr.indeed.com/viewjob?jk=d4412b208f5b11de,System Engineer,경기도 성남,,"현황 및 지표 분석이 가능하신 분 - Active Directory 구축,운영 경험이 있으신 분 - 아이디어를 나누고 공유하는 커뮤니케이션을 즐거워 하시는 분 - Python,Go 등 프로그래밍의 자기계발을 하시는 분"
https://kr.indeed.com/viewjob?jk=bf0d357cec112758,[입사축하금100만원] 데이터사이언티스트 / HW / BSP 개발 경력,서울 금천구,,"이해와 통계적 지식 보유자ㆍ머신러닝 등 최신 알고리즘을 활용한 실제 비즈니스 문제 해결 경험 보유자ㆍSQL, Python, R 등 통계/분석 프로그램 능숙자우대사항ㆍ관련 학과 전공자(통계학, 전산학, 컴퓨터공학 등)ㆍ석,박사..."
https://kr.indeed.com/viewjob?jk=84e5f3cf310c2895,한국통계정보원 통계 분야 직원(경력),대전 서구,,"SAS, R, SPSS, Python 등) 경험자 [우대조건] - SAS... 처리, 통계업무 경험 보유- 통계 관련 업무(SAS, R, SPSS, Python 등) 경험자[우대조건]- 데이터 품질·표준화 과정 운영·관리 경험자..."
https://kr.indeed.com/viewjob?jk=a0dda478567db352,"(주)트윔 개발자(경력직) 빅데이터,영상처리,머신비전/AI 딥러닝",경기도 화성,,"자기주도적으로 진행한 경험 - Python/C/C++ 능통자 - 데이터... RNN 등 딥러닝 이론 및 알고리즘 유경험자 - C/C++, Java, Python/TensorFlow/Caffe 사용가능자 - Matlab/R 분석..."
https://kr.indeed.com/viewjob?jk=0173e8547d42c81f,5G 시스템 소프트웨어 개발자,서울,,"Erlang, Java, Python Domain experience... 가능) 프로그래밍 언어: C, C++(필수) / Erlang, Java, Python(우대) 기술 분야: 라디오 엑세스 네트워크, 5G NR, LTE..."
https://kr.indeed.com/viewjob?jk=51d1df9a3cfbe418,(주)엘솔루 R&D본부 ASR팀 개발직,서울,,"제공 [필수사항] ㆍ프로그래밍에 재능 및 열정이 있는 자 ㆍJava, Python 중 하나 이상의 언어사용자 ㆍWeb 개발능력 ㆍ리눅스 사용 경험자... 머신러닝(ML)|인터넷·IT·통신·모바일·게임>응용프로그래머> Python"
https://kr.indeed.com/viewjob?jk=22f5968c1c62b3b0,AI(딥러닝)개발 경력,서울 성동구,,"프로그래밍을 하고 싶은 자(개발 경력 2년 이상)- 직급/직책 : 면접 후 결정- 개발환경 : linux, python, tensorflow, keras, raspberypi 등5. 우대사항- 전기/전자공학, 컴퓨터/시스템공..."
https://kr.indeed.com/viewjob?jk=016de9bb83a8032d,JR0186078 AI Research Engineer Intern,서울,,"architectures, and optimization strategiesProgramming skills with Python/C++Experience working with one or more deep learning..."
https://kr.indeed.com/viewjob?jk=610e7542a1debb3a,[TmaxCloud/기술] Cloud 제품 QA 담당자,성남 분당구,,"등..) - ISTQB/CSTS 등 자격증 보유자 - 테스트 자동화용 Shell script 작성 경험자 - Python 사용 경험자 테크니컬라이터(국문) 담당자 - SVN, GIT 등 형상 관리 시스템 사용 경험..."
https://kr.indeed.com/viewjob?jk=d17da0baecf05910,데이터 분야 경력,서울,,"해가 뛰어난 자 - R, Python, SAS, SQL 등 활용 역량 우대사항(해당 내용 중 1개 이상) - ML/DL 경험 인력 우대 - 관련 분야 석사 이상 학위 소지자 우대 - R, Python등 데이터분석 모델링 경험..."
https://kr.indeed.com/viewjob?jk=c18db5d32e7ca8da,Support Engineer-DBA,서울,,"Understanding of any or multiple development languages like Python, C#, JavaScript, R • Good Knowledge of .Net Framework..."
https://kr.indeed.com/viewjob?jk=24317bc9d13ec122,새싹(SeSAC) 청년취업사관학교 인공지능 개발자 데뷔코스,서울,,통신·모바일·게임>웹프로그래머> Python|인터넷·IT·통신·모바일·게임... 그래머>증강현실(AR)|인터넷·IT·통신·모바일·게임>응용프로그래머> Python|인터넷·IT·통신·모바일·게임>시스템프로그래머>VHDL·verilog...
https://kr.indeed.com/viewjob?jk=0d10d8993d3cdfa9,HW/SW 분야 직무 교육 전문강사,서울 강남구,,통신·모바일·게임>응용프로그래머>인공지능(AI)|인터넷·IT·통신·모바일·게임>빅데이터·AI(인공지능)> Python|인터넷·IT·통신·모바일·게임>빅데이터·AI(인공지능)>빅데이터|인터넷·IT·통신·모바일·게임>빅데이터·AI...
https://kr.indeed.com/viewjob?jk=1f61f1edb069d4f6,Sr. Corporate Application Engineer – Calibre DS,경기도 성남,,"Linux OS, and previous experience with scripting or Tcl/ Python/Perl programming preferred Familiar with Siemens EDA’s Calibre..."
https://kr.indeed.com/viewjob?jk=bb0df31dd8a98f90,(주)심심이 (데이터 분석이 가능한) 기획/운영자,서울 강남구,,"분석을 통한 insight 도출[이런 분이였으면 합니다] 확률/통계 기본 지식을 보유하신 분 SQL, Python 등의 언어로 간단한 코드를 짤 수 있는 분 (비개발자인 경우, 개발에 관한 기초적인 경험이 있는 분)[우대..."
https://kr.indeed.com/viewjob?jk=ff5b5fcb175a0edd,Vision AI Engineer,대한민국,,"좋아하고 팀원들과 소통하며 함께 성장하는 것을 추구하시는 분 다음 중 하나 이상의 언어에 능숙하신 분 ( Python/C, C++/Java/Object C/Swift/Kotlin) 우대사항 석사 또는 박사 학위를 보유하신 분..."
https://kr.indeed.com/viewjob?jk=1aa299b7e2ed3100,대기업 딥러닝 기반 영상처리 개발자 (판교),서울,"연봉 60,000,000원 - 70,000,000원","Pytorch- Python, C/C++, Docker C/C++/C#... 머신러닝|인터넷·IT·통신·모바일·게임>빅데이터·AI(인공지능)> Python|인터넷·IT·통신·모바일·게임>시스템프로그래머>임베디드(Embedded)"
https://kr.indeed.com/viewjob?jk=a6bf6722793470cf,카카오 지갑/인증 플랫폼 서버 개발자 모집,성남 판교역,,"Docker를 이용한 서비스 운영 경험 테스트 구축, 지속적인 구조 개선 경험 웹 Front End 개발 경험 Python 을 사용한 서비스 개발 경험 필독사항 ※ 카카오 테크 직군의 경우, 개발 경력 1년 미만일 시..."
https://kr.indeed.com/viewjob?jk=9099b0cbccb5f25d,[정규직] 소프트웨어 / AI개발,서울 영등포구,,이터·AI(인공지능)>빅데이터|인터넷·IT·통신·모바일·게임>빅데이터·AI(인공지능)>머신러닝|인터넷·IT·통신·모바일·게임>빅데이터·AI(인공지능)> Python|인터넷·IT·통신·모바일·게임>빅데이터·AI(인공지능)>딥러닝
https://kr.indeed.com/viewjob?jk=f54e1484328f5d3c,"언리얼, 모바일 등의 C++ 플랫폼에 머신러닝 서비스 및 알고리즘 적용 모집",성남 판교역,,"Native - Machine Learning, TensorFlow, PyTorch, CUDA - Go, Python, JavaScript, C++, Rust - Game Development - Linux, macOS..."
https://kr.indeed.com/viewjob?jk=bc5131eb1f2981cb,이공지능(AI) / 딥러닝 / Computer Vision 경력자 정규직,서울 서초구,,관련분야 석사 학위 이상 또는 개발 경험 2년 이상 • C++ / Python / OpenCV 개발 경험 [우대사항] • 딥러닝/컴퓨터버젼 관련... 통신·모바일·게임>응용프로그래머> Python|인터넷·IT·통신·모바일·게임...
https://kr.indeed.com/viewjob?jk=8b5826f367d5c122,렌더링 엔진 개발자 모집,성남 백현동,,"디자인 패턴, ReactiveX 활용 경험 - Java, Swift(Objective C), Lua, Python 등 다양한 언어 경험 - Computer Graphics 이해 - Image Processing 이해..."
https://kr.indeed.com/viewjob?jk=752a4b5d63eac97c,Sr. Back-end Engineer (Python),서울 강남구,,"관리합니다. 개발 언어 : Python 개발 환경 및 도구 : Django... 이상의 백엔드 개발 경험, 또는 이에 준하는 역량을 가지신 분 Python 및 Python web framework를 활용한 백엔드 개발에 거부감이..."
https://kr.indeed.com/viewjob?jk=c0574107a4de85c1,로데슈바르즈코리아 연구소 개발자,서울 강남구,,"소프트웨어 개발 혹은 시스템 통합 경험을 보유하신 분으로 경력 1년 ~ 3년ㆍ프로그래밍 언어 C/C++, Pythonㆍ적극적으로 동료들과 소통하고 책임감이 있는 분ㆍ새로운 기술 습득에 열정이 있으신 분ㆍ비지니스 수준의 영어..."
https://kr.indeed.com/viewjob?jk=40242ac4ad660d9e,"AI개발, 웹개발(Django) 외 신입/경력 정규직, 계약직",서울 마포구,,인터넷·IT·통신·모바일·게임>웹프로그래머>웹개발|인터넷·IT·통신·모바일·게임>웹프로그래머> Python|인터넷·IT·통신·모바일·게임>빅데이터·AI(인공지능)>인공지능(AI)|인터넷·IT·통신·모바일·게임>웹디자인>UI...
https://kr.indeed.com/viewjob?jk=f0db02b55ac0f284,A.I 인공지능 개발 경력직,서울 송파구,,파이프트리 스마트팜 A.I 개발 경력직 채용 공고 인터넷·IT·통신·모바일·게임>빅데이터·AI(인공지능)> Python|인터넷·IT·통신·모바일·게임>빅데이터·AI(인공지능)>R|인터넷·IT·통신·모바일·게임>빅데이터·AI...
https://kr.indeed.com/viewjob?jk=1d89fe4b37ab05ed,"데이터마이닝, 빅데이터 큐레이터 외 신입/경력 정규직",서울 강남구,,"있거나 이에 준하는 실질적인 기술 경력 -데이터를 다루기 위한 Python 혹은 R 등의 프로그래밍 능력 -SQL의 사용 능력 -데이터를 다루기 위한 Python, R, Java 중 1개의 프로그래밍 능력 -대용량 데이터..."
https://kr.indeed.com/viewjob?jk=dbe0729882fd8763,소프트웨어 개발자 신입 / 경력직 채용,서울 가락동,,"무관 [우대사항] - Java, JavaScript, C#, C++, Spring, Oracle, Python 등 개발 프로그램 사용 가능자 - 컴퓨터공학 전공 - 해당업무 근무경험 - 컴퓨터활용 우수자 - 관련 자격..."
https://kr.indeed.com/viewjob?jk=ea2ab43c3a607fb1,Python 기반 빅데이터 처리 개발자,서울 서초구,,인터넷·IT·통신·모바일·게임>웹프로그래머> Python|인터넷·IT·통신·모바일·게임>응용프로그래머> Python|인터넷·IT·통신·모바일·게임>통신·모바일>플랫폼(VM)
https://kr.indeed.com/viewjob?jk=027a30e28217ff16,Controlling (관리회계 및 재무기획) 외국계 부품회사,경기도 이천,,"경험자 우대 (CO / PS / MM…) - 데이터 분석 툴 또는 시각화 툴 경험자 우대 e.g. R, Python, Power BI and KNIME - 비즈니스 영어 가능자 우대 - 졸업예정자 지원 가능 (사원 ~ 주임..."
https://kr.indeed.com/viewjob?jk=4cd34228af5013fd,DGIST 2019년 제1차 계약직원 공개채용 공고,대구 현풍면,,"우수자(SPSS, R 등 통계패키지) 외국어(영어) 구사 능력 우수자 Programming(MATLAB, Python, C/C++ 등) 가능자 · 근무기간 : 2019.3.11.~2020.3.10. ※ 단, 재계약 평가에..."
https://kr.indeed.com/viewjob?jk=140254d1a470d1c9,11번가 검색서비스 개발 분야,서울 강남구,,"처리데이터 저장 daemon 및 데이터 api 개발 운영자격 요건대용량 Redis data 운영 경험있으신분 python / java / oracle, mySql DB 에 능숙하신분고성능 / 대용량 트래픽 처리하는 시스템 개발..."
https://kr.indeed.com/viewjob?jk=3822d1c0cf5cb8db,BackEnd Engineer,서울,"연봉 50,000,000원 - 150,000,000원","Javascript, Java, Python 중 적어도 하나 이상의 경험을... 구축을 경험하신 분 * Modern Javascript, Java, Python 중 하나 이상에 탁월한 능력을 지닌 분 * AWS 상에서 제품을 구축..."
https://kr.indeed.com/viewjob?jk=7138626d136ea1f5,[연구개발 부문] 연구원 (MCU 계측제어설계/머신비전/이미지프로세싱),경기도 광명,"연봉 42,000,000원 - 46,000,000원","프로그래밍 가능자 우대S/W 설계 부문 : - OPEN CV, TENSORFLOW, YOLO, CUDA/ Python, C++, C WindowsGUL APL, MFC Lib 활용 가능자. 머신비전/ 영상처리 개발자* 전기..."
https://kr.indeed.com/viewjob?jk=d6f30962332942d8,2021년 하반기 수시채용,성남 삼평동,,"Language 필수, Python 가능 - Image Processing... 설계, System-Verilog 및 UVM 설계 - C/C++, Python 가능, Timing report 분석 가능(DC, PT) 0명 판교..."
https://kr.indeed.com/viewjob?jk=e25431d3416ea9c3,Application Engineer - IP Validation,경기도 성남,,"programming and scripting languages (one or more of: Python [preferred], Perl, Tcl, Shell-based) Being familiar with OOP..."
https://kr.indeed.com/viewjob?jk=02940982fdf7f78d,블록체인 센터 시스템 엔지니어 (경력),대한민국,,"갖춘 분 - Docker / Git 등 관리 툴 사용 경험이 있는 분 - Shell(Bash,Zsh), Python, Perl 등을 이용한 스크립트 개발 경험이 있는 분 우대사항 - 블록체인 서비스를 사용하거나 블록체..."
https://kr.indeed.com/viewjob?jk=e8fe40f69a635b59,[대형증권사] 파생퀀트,서울 강남구,,통신·모바일·게임>웹프로그래머>JAVA|인터넷·IT·통신·모바일·게임>웹프로그래머>프론트엔드|인터넷·IT·통신·모바일·게임>웹프로그래머> Python|인터넷·IT·통신·모바일·게임>웹프로그래머>HTML·DHTML·mHTML
